path,type,size_bytes,sha256,production_relevant
.env.example,.example,2150,195b12942e4ffcf718f0aa6bcadbda9e355aae5b0b24218d9b869a03dbe64836,YES
AI_ONBOARDING.md,.md,5363,1e15b26da40d58ff11e146c83eba26cce357caa71f80c6665264957f5ddcf612,YES
AUDIT_INTEGRITY_MANIFEST_SHA256.json,.json,0,SELF-REFERENTIAL — verify archive entry instead,YES
AUDIT_INVENTORY_SHA256.json,.json,0,SELF-REFERENTIAL — verify archive entry instead,YES
AUDIT_PROGRESS_READ_ME_FIRST.md,.md,14611,9644b832a1d95da0de44c00d674c8fc9444ef5e6ddf418a44ba7f85fc5714421,YES
AUDIT_REINSPECTION_REPORT.md,.md,4195,bda696fbf947f1d41fe9d943b5761850edd3ba81ba58ed628ba68234f06405cb,YES
CANONICAL_DOCUMENT_SYNC_REPORT_v1.1.md,.md,1528,a9b29e7a0c76e825f71e0f682d523e8b3109bb6e4c8c82ed1be1597e6247ba54,YES
COMPLETE_ANALYSIS.md,.md,12342,40da3195119074da67b411215d5ae9e5678988535504368047b87e57d594478c,YES
DATA_SOURCE_POLICY.md,.md,1651,95eee8c63acbab0221aa251f71670319ee442e1b66eefe6b0a31a85e2849f2df,YES
DEFECT_FINDING_REGISTER_v1.1.md,.md,6025,8aa43481a2e74d650dcfc12549e1fb204bf48287fb8073b1f0eb60ae514288dd,YES
EXTERNAL_CONFIDENCE_SCORECARD_v1.1.md,.md,1407,4ec3fb096520561a9fa3c582c97ce9a2f515f765db9539fa0a9c7c8aaa5e744f,YES
FINAL_INSPECTION_REPORT_v4.md,.md,3183,215469c8f651575e4d79281964530cd77e85a39292ddbaf49533b02fa694deb5,YES
FINAL_MASTER_INSPECTION_CERTIFICATION_STANDARD_v1.1.md,.md,36554,1aec45974a9b3b1dafcf23fd4b6c68deb7d93f355cc009f55749c2e956876dfe,YES
FINAL_MASTER_INSPECTION_CERTIFICATION_STANDARD_v1.1.sha256,.sha256,121,ec7f5c030ec634a33a3d2c477697059a036e07b3a8b227434d1d81b0a9ba9d57,YES
FINAL_MASTER_INSPECTION_CHECKLIST_v3.md,.md,8917,e253236c6bb1887e1f169ce88ccaa351a6d46bbb599d6c28fd80abd43a9ae575,YES
FINAL_RELEASE_VERDICT_v1.1.md,.md,2369,657fe6cc894d6d7ba9e432c46ba2ea5b543ac7f74f06a408a4de1532dbe09a42,YES
FRAMEWORK_FREEZE_UPDATE_v1.1.md,.md,5558,126705c45f684205c2bbcc7a6a8b76d1996788c4a6be7de6ff6087a4116accef,YES
HYBRID_SCORECARD_v1.1.md,.md,735,456f20926815e3b71805b42c6b537a734ca7910fc97466e151958713f88434f8,YES
INSPECTION_CHECKLIST.md,.md,12849,7aa9866977db87bb735b79a56658500bd96c4ca64216d34769bdf3d046c56216,YES
INSPECTION_CHECKLIST_v2.md,.md,19106,995aa13d5e8f9ddd1926ca2a910543c9e9925eab9a1ad652e6def7025a77e79e,YES
LOCAL_AUDIT_EXECUTION_REPORT_v1.1.md,.md,9167,0186a0693214b785c8089adde8955f1134924ef5f99cd58ef12d05a1114ab940,YES
LOCAL_TEST_SCORECARD_v1.1.md,.md,2134,cccb1cf477686823a72fb8c8dabadf96279a894e035297bbc2b40173af612cd0,YES
MASTER_AUDIT_EXECUTION_AND_SCORECARD.md,.md,1927,ce9c9e6a4cc99897b5803ad030ea46e84044ba57653d69343bb9b98f01acdd36,YES
NDSAP_RETENTION_ESTIMATE.md,.md,4167,0eb1ad5f57357dd93675198082a710e860e03396e625e5d63511456457185bef,YES
QASWA_AUDIT_QA_STATUS.md,.md,37578,a36b5acd362a552c2c8aaff11aa6c344211be0fb29a40ee707dcd901687e7db0,YES
QASWA_FROZEN_CRITERIA_MASTER_INSTRUCTION_v2_1_COMPLETE.md,.md,36210,27539d13561f7fd4e2ec772d2630b21629e93a19ef52988cbada8c36178df55e,YES
QASWA_FUTURE_CHANGE_GOVERNANCE.md,.md,4402,0afd0a60da7196a4656706091ce926865652eb7824d562cbbe6f9f367c511990,YES
QASWA_MASTER_AUDIT_PROMPT.md,.md,38109,cbab72f8ed93d5aea5b66743918257a998ac7aa4b6c6f702e46f9c121855601d,YES
QASWA_MASTER_QA_HANDOVER.md,.md,18487,5504d5dccb32cc739110e7d6b910f84006c3dc499bdef7446cace8fde2409153,YES
QASWA_PHASE1_INVENTORY_CLASSIFICATION.md,.md,28272,fd40ab207101a96ef539104a89afa737b1a490b078a1a4fb53ea0253ba3d985e,YES
QASWA_REDUNDANCY_IDENTIFICATION_REPORT.md,.md,5012,a99f51407b7a8da7bf9a62d60f75082f0b0b1d4b6438375e6b6f94e491474bbf,YES
QASWA_SYSTEM_TRUTH.md,.md,24591,bb105946527b7ac49cfd4c0ebe219771c92c6e90bf7217ff4618152ea452e389,YES
README.md,.md,5280,22f7616fdfe2c56e52492c3444434e26cd5b19004d33d555692dab916c70056b,YES
RELEASE_ARTIFACT_STATUS.md,.md,1706,6345edcc67de96a1ff4f5272705344a7450e0c2733b60d7a52fc8b7f0206e703,YES
SYSTEM_BLUEPRINT.md,.md,91421,03936492f21970904c50e2977e0e0a4a606cae0e39105c1148dd2abad4ffb3a2,YES
SYSTEM_MASTER_MANIFEST.json,.json,36147,2e9215592ddd94322bf58a7721106ea71af5b20ff8074cabff5deba28d582e0c,YES
UPDATE_HISTORY_FIX_LOG.md,.md,27477,143545cd4802777e01c662e418628c56784464b3b39676a5b59737d6eb974efc,YES
UPDATE_R2_REPORT.md,.md,1386,417baad716ef2257ddff340140963ca604fb6c62e6d054bc81b8715994a02dcd,YES
UPDATE_V5_REPORT.md,.md,1541,290c6d38bb52b9cb463ca80fcba8699fdbd69dedeb41d0db7d4f82822a731419,YES
VERSION.txt,.txt,80819,7717c02b52888633f3e1860da74c74b742c624731c4ec11396ffc7e55a4170d3,YES
VPS_DEPLOYMENT_GUIDE.md,.md,1971,ff631a2541dcb2cd530f85ac048152b21f4e79832bdc74126f4bf7f8efa3069d,YES
ZIP_DERIVED_REQUIREMENTS_AND_BLUEPRINT_RULES_v1.1.md,.md,5963,45403b33e31d55d04f10e62589fcbd900164824c38861349aa19443d3d709403,YES
alignment_engine.py,.py,4189,92b8c0c9664bb3155067a60d499e70904b96462b35ce4c234743fb94f0861ac0,YES
asm_gsm_screen.py,.py,11328,2739f79a0411ce12d817fb085a7636fb7d9423fa4f6b4b876ac5e3341f7ea03e,YES
backtester.py,.py,33591,e9528adb8eb1db3a7dd5d66fe0ccb19960d8cc85063c1a77778be7f8c9afea50,YES
board_filter_auto.py,.py,15884,e647f915a7cde951806563adefe07e6fba9d8fc8f4f7e01815d128be845d3684,YES
board_manager.py,.py,37064,1b51c2ee3e7794918970aa2791ea4a87aff1fd5f855089dea3ac4d73a7774e31,YES
bot.py,.py,72726,f0ddd702c81312e5e3cb497549fb764786e9024bd138746ea8f1b07c6c63d6af,YES
bot_state_manager.py,.py,10695,efd8ecede86d1f088204e98824ebe14a45304ca0b5690cbcb0076e195d7821ef,YES
broker.py,.py,44271,aefec3fb1cc6c13aadfafcb4ec3331e2af32f9b74877d0fac8db7acc1004d348,YES
build_pdf_report.py,.py,22573,847b556905039a0c4e8ca6e6c752b0628bc872fae1b211e53ba035d4aa9263a0,YES
capital_drawdown_manager.py,.py,16891,a03ee342281822949a01435739d57f8511c007f599ad96c45b0ac3890f42af2a,YES
capital_manager.py,.py,44273,eee1e1f5286bf742bfbf35a4ddc8009c7b0e23a06ebf13c4c77c9a6b3953efd3,YES
config.py,.py,81580,89816c7d665b5d083c062ee4a7a8403dd37fbe39b52a6beaca203bd805bd69b7,YES
conftest.py,.py,5810,eed4485c7245216f8cdcd5379970c8f76e4f5c91d88567a8dcf4c203bb326926,YES
corporate_actions.py,.py,6647,ddd95ba043101fe25a9da088748c5b9c5f63b4b20b60dba7dbc10ef902dcee3d,YES
correlation_tracker.py,.py,12694,c3d5c6513ff0c858a0c6c5a5193f2cd30d80892e7382fbd5dd19a8d1cff929fd,YES
crypto_utils.py,.py,706,e82ee653a4aae12ba13b013ffb2d10af780e65e9c87c406915ad6c8445cc575c,YES
data/BOARD_FALSE_HAS_MUSLIM.csv,.csv,58719,17cff60f739dfe9665a08a3c335ba65d194e6333c7bb4cb2a685e0fd82c6f378,YES
data/BOARD_TRUE_100_NON_MUSLIM.csv,.csv,15130,26e7301189a3905e1c10c149c464f755ec366b84a8f62809eb614d58e5757413,YES
data/CUSTOM_UNIVERSE_FINAL.csv,.csv,163748,4c33140f29c7ee1694869a4ea666d91a1c5e331b9d9800cbefb9adf60f6d08a7,YES
data/MASTER_STOCK_LIST_PERMANENT.csv,.csv,234022,929dc7cf706d0aded8bdba3b01a9c35c7b20ecfa14286a3b812052680a9d2c6c,YES
data/audit_log.txt,.txt,0,e3b0c44298fc1c149afbf4c8996fb92427ae41e4649b934ca495991b7852b855,YES
data/board_members_yfinance.json,.json,577848,a062805303a18789ccece86ef9ddbf53d39d7a407f603419894d2e284902da3e,YES
data/bot.log,.log,0,e3b0c44298fc1c149afbf4c8996fb92427ae41e4649b934ca495991b7852b855,YES
data/custom_universe_state.json,.json,382,23703e2841e059c8f1d582f79a4e74f2aa47e9ce2f71f9834ad05d9377f572e6,YES
data/decision_data_provider.json,.json,367,9013115bddf2c7eec9636a4e9f4054d818553f59803724a8e59556ef53c6e95f,YES
data/lm_finance_wordlists.csv,.csv,80846,7c14e5983525ac9a6a0b3cf0d26ba383a3bb2aae0dea6e1e3646768271d2d624,YES
data/per_stock_params.json,.json,3,ca3d163bab055381827226140568f3bef7eaac187cebd76878e0b63e9e442356,YES
data/trading_bot.db,.db,12288,3973fa1fe6de24614b33a4efaf2bcd42a7c634ca70589598925acce9a760c7bb,YES
database.py,.py,5504,b23328548e02118313c9002b03a45234435e0dc96deb9f36bb54fd196397d6f3,YES
dd_policy.py,.py,8283,d27bb2bf34491c6237715ba49b00477cb7cb351dae9b3d8f258522ca13751754,YES
deploy.sh,.sh,1502,bc97b0de860616793520951e27d57d8fec320f464188e0c869bf489ad25677b7,YES
deployment_manager.py,.py,43730,c9e546151cbe698545357c85c6770cc880a768600ad84a7a8cded1265798bed4,YES
dhan_client.py,.py,4846,e9bbdd4e4c3b99ded7b867c005c5d6cdae4d344dbf2a9c18d78ad0ef9c75a93b,YES
dhan_data.py,.py,13924,48beff812b8396937365e8399bcdeb2f749b6100714135ad516b09f9c17e4de7,YES
dhan_live_feed.py,.py,15193,0563e2ef01ef98dabd5b67cbcc7374b4ce63d5be79b1d89769eec1b1deadf1be,YES
docs/AI_INSPECTION_TRIGGER_AND_RESULT_CONTRACT_v1.0.md,.md,4567,c2f03e9e032a86090a02e8ba92fb3be12f261df8effbe027a6624dc8931652fd,YES
docs/AUDIT_55_EXECUTION_SCORECARD.md,.md,16225,863c56693629cfe39d1f61f9c0f58311f1a53e55172990f69f7f22fbbf3137d0,YES
docs/AUDIT_ARTIFACT_INVENTORY.csv,.csv,19877,SELF-REFERENTIAL — verify archive entry instead,YES
docs/CANONICAL_RELEASE_AND_AUDIT_TRUTH_INDEX.md,.md,4168,949855db1c53d58a7eab4ac9e86d42fa27d7442f2cc3e935463bec0c825b46f3,YES
docs/CERTIFICATION_CLOSURE_AND_REINSPECTION_GOVERNANCE_v1.0.md,.md,5480,685aab8a05f1f1dfbe5020a64b004aa38f089af28ab86437adff3fb458e642d0,YES
docs/CERTIFICATION_CLOSURE_REGISTER.md,.md,17416,8ced4c403486c62fb6ed3fd47e490969962de825a695cafa6a4c93fe1951fff8,YES
docs/CROSS_ENVIRONMENT_ALIGNMENT.md,.md,1772,9493e221e491fba9963f2f2ee1a49b20dcf5862240fb40195e639dce47b50875,YES
docs/CURRENT_INSPECTION_STATUS.md,.md,4186,3de6f2b4a01027d04cbe89a2d96e3028b822259fc7958beabed90324d80e4e40,YES
docs/DATA_READINESS_AND_REFRESH.md,.md,2107,a3d48cb8514ca27e31c28385da1bd431e57ee4815e49e914da5d4e41e85cfa0b,YES
docs/FRESH_FULL_55_SECTION_AUDIT_REPORT.md,.md,17096,24a20564edba5a531e8abb6f3b2ed615c30e831cc19e3737eee2f95d12d9531d,YES
docs/MASTER_ZERO_OMISSION_ZIP_INSPECTION_CONSTITUTION_55_SECTIONS.md,.md,20132,2a34e0b8f0b4acf206bcff86d6c3cccb43f750d64c1ca70acfbb999dac7a39f0,YES
docs/PRE_VPS_ENGINEERING_VERDICT.md,.md,1226,c71c5b143e3892c4effe4035213344e043edc624891ed291f1c4f7426b56b8d1,YES
docs/PRE_VPS_FINAL_INSPECTION_REPORT_v1.0.md,.md,9714,012f5ca240c1e17299fd788488f023bbc7a1be632aa2b70c977e58cc9e4891b4,YES
docs/PRE_VPS_GATE_PROFILE_v1.0.md,.md,3335,4f01f87315fd9152f4da14d39b45cd74d43395ba900173d445b08531e28f3de2,YES
docs/PRE_VPS_REINSPECTION_RUN_2026-09-03.md,.md,3918,127e9baad3e93cf7f4eef43330c2fc9ef4d0ae0b6994197522a2cf52b81d3925,YES
docs/PRE_VPS_VERIFICATION_GATE_v1.0.md,.md,6614,f1660bf53b03990b4103f348422dd8b7c52dc465e4ab0d9583caa499c2073fb3,YES
docs/PRODUCTION_AUDIT_REPORT_55_SECTIONS.md,.md,10057,a590e2e38f85ba30fc516b6100975e86db326b14e931aa17807dfa120bc96bbb,YES
economics_brain.py,.py,18068,5e348ff3cbd7589ff82cda96f6586c6fc6b597150a8969736b42fb7d3fa13912,YES
entry_follow.py,.py,11509,da7e83284593b13b3992609cb3cb3632910f6587c3a69b84113a933561e3242a,YES
exit_engine.py,.py,10436,b5937cde83f12357ee75d3a3a5c15267e4ae5a9ddf2da9d67735274ac3c73774,YES
fallback_monitor.py,.py,4591,bf633ea5d123872cf9ae56597e6854d20b2008487934c3a2aba4f20f7e0c14e7,YES
feature_sequence.json,.json,24810,afb75f1caf441ef52a14533fbf1dfc0a3179e110e8e1e677a00b7086051eb6ad,YES
fii_dii_tracker.py,.py,13203,e5a1d109368fb3f3c8d6a1570339e4cb8a9475e31f49084f9d4c7f2ef1f1c6e6,YES
file_inventory.txt,.txt,4224,ca160a1e8b3b12126a89a3947638f0dfdd2a24cfb0e4b2611d097dc83e9046cf,YES
forever_order_manager.py,.py,13341,03f2c4e53d5262466a092594562239a223a286ce9f5562893639a75d300da48b,YES
guide_text.py,.py,6063,f3c6a84fe2be7231c87f72e092b058b4572b61305c76d0796cbd2bbf637880bd,YES
intraday_filter.py,.py,6451,a9b785070ed82626bca6ad6899a1c24d109f20d6cbecf8946a3aa705bc1a049f,YES
liquidity_screen.py,.py,10086,ccbc6a23f5495f97874b5001031354f99ff27ee5db1dcce2f0cb688c78868fef,YES
log_setup.py,.py,2943,4fa142fcc662db6c49c4aad278041a6393eb4b34d0a26668ac82093140703f09,YES
macro_refresh.py,.py,5660,b62b17061be1897fd856059ffef6056dea3c98dfa44eada34a6a6aa4e7359ac7,YES
market_metadata.py,.py,5036,4388cbe3e451f7a2ea58c7cb3f607a60d222d5067977dcf89f6862fff751a6ab,YES
market_regime.py,.py,23040,2e99ffa99ee98a82156c322ddcc83858248a3b6012546ec0435867de3af559f1,YES
monte_carlo.py,.py,3015,2782d3d4a863f55e38f1db573ee9ccd1a686533c8ec93b4790f83e8eaa12ff22,YES
mtf/__init__.py,.py,401,6c34fd0eaf569adc0c6f433f4d24696095b0f99c4f3263f0699ebe2fde4e7fa8,YES
mtf/bulk_download.py,.py,5526,bd44bf7ab1879d65a8852a6e76fc51ec4bd7b1885e087f43a4e5ff689aad4563,YES
mtf/derive.py,.py,3512,61c6b5017285b9972c3251e08811ec76b1e56434ab4ee05530f19d6065878572,YES
mtf/guards.py,.py,5008,b34b8793e7bbb1e2bc3e3e1b055c88997376fc43d0ad2afd4a3d5560f5a56d9e,YES
mtf/probe_depth.py,.py,1403,9cb80d3270f2214ef9af4032b042483cdec88f67221943f01186d9544d2de56d,YES
mtf/stats.py,.py,4950,3344a91d90c02714360c6f64516f51efa505a6c2a21e176da976dac3f113bfea,YES
mtf/timeframes.py,.py,2095,0e8323b3878092a7876bd964feaf6c758bc1c5afa0df1621cec76fbe75dc1afb,YES
mtf/tournament.py,.py,12554,67414307f4a8e1e6f9d91e0945402180fcdde3a3836519e8364cfc6a6ae9c265,YES
mtf/warehouse.py,.py,5026,04913153c38a1b5fa5546e17ec63def33017907bde46196aa35bf05437e710cb,YES
ndsap_archive.py,.py,19403,e2841562a85a0ea7d362a9eb8e88fe2693095b0ccab5a3c11566f9a64c9aee64,YES
news_analyzer.py,.py,8441,016ca35c672a3bead267a95bda5bf42d507935a131d4a2837663d9517ddd634e,YES
optimizer.py,.py,78672,e4fbd9d7065890881ea6fc9da27a4319fec9fd61404e3209d38cf5dd02d007aa,YES
overnight_movers.py,.py,30833,ecce7e9e190cf16131e2140d9a3b8fa7cd0bbe12862f50118f89e16b8f1c72f9,YES
parity_engine.py,.py,10938,6196024ba94a7aaecef9f4ba32c5eaf14a0d1f86fa06cb187fb45154d3827eb8,YES
payment.py,.py,9549,d125fabbf5d1e39b5fe2326a4f757a0d55f8dbc1ba1b475e0158c1e99dd27033,YES
per_stock_params.py,.py,2762,21f0555b91b58e81331d472bca43655d111244ca2b5cd7f07fd6caaf10b7ca76,YES
portfolio_backtest_engine.py,.py,12709,5e05aaf7d76763504c94d98f8a0e66ccb67eecbdd94942b3d14a3fc0387217de,YES
portfolio_health.py,.py,17876,6e7c294afb349531765255217a9929d8ca08f9c30c8abe49aa436070f5d4ad00,YES
prd.md,.md,38143,a2e881110cb47f025fbca5536d2159f01998961d392c61dcfdac5fbcbdb0ca33,YES
pytest.ini,.ini,134,408dd138a5348920b6a9a21bb9f76c47e449ad3efaa6e81909537f50a4f38660,YES
qaswa-bot@.service,.service,469,099b6945b2cfef652fc15d6e570c745f1eeffacd500d3c31357d9878018b23f4,YES
regime_manager.py,.py,3777,cd4df5aeb8a593723bfcc836512b128f8a8c4d1fa1d68ae2cb34e2d6b5b7e2d8,YES
report_generator.py,.py,10360,49e05a764706568efd71a87c51b1df2210fd787daaa2b4f3d28acb50322733d1,YES
requirements-lock.txt,.txt,1042,6e18033fee876a2af3ef2b6fc7a6b8d526279eb9bd0993b2a33e7a7353c87db9,YES
requirements.txt,.txt,894,189292e7b27adebead0084989c65ea35e10e70b76dae51e81b9ae1de7808da30,YES
risk_display.py,.py,9943,1ddeca130e2f0623f9557b1ab53e853aa100b8a62b42b11c22bbb615992205d8,YES
risk_manager.py,.py,13861,54d10ad1b5402c1e148e62e7a515208dadec3d71fa83a1dfa085e0d2e9fb9a6d,YES
risk_override_manager.py,.py,8010,7b5f456b7f0aafa232a5831136833c2c5a818bf74f418c383b57952909e14400,YES
ruflo_ranker.py,.py,10366,b65971766fd51a40671cd559efbeb0b7fec401cafb36e515d53798aae8e9f17d,YES
safety_manager.py,.py,20381,926c86f19508c6a3df760f4b10eab48d5e4c459fe5477d1352df6d10ee5367b9,YES
scheduler.py,.py,60782,b882604a8c2c7f3c37878a39e4b1f33151880ef986376f2655a7bbe38ea41050,YES
scripts/__init__.py,.py,0,e3b0c44298fc1c149afbf4c8996fb92427ae41e4649b934ca495991b7852b855,YES
scripts/freeze_requirements.sh,.sh,1943,a6ee788bf3b6047d57c67c00c20b781ed27679b8fb7601c98a80e294ffa174ca,YES
scripts/live_feed_dry_run.py,.py,2696,5521da5a5dd778d1b3fb6c35f92079ab58060950a753ab83cfad1cd8bd521d00,YES
scripts/pre_vps_engineering_preflight.py,.py,10352,11fa260d25a9e9e60edfd3944a3faacf8ee0b530c10669ced01e17efd354a4f5,YES
scripts/refresh_decision_data.py,.py,4247,2704e1bcf35c4db8a9394394695d18a54c95d03c043a9f620b038db3ecba247b,YES
scripts/release_preflight.py,.py,2565,c7b561d50b98e574ba3959949b447e94172c46cf87618f732c3f47f6df6408f0,YES
sebi_manager.py,.py,3045,67519c4e59211e814007df889871946a29e2ae04f22bc057a9c8a153a41e78b3,YES
sector_strength.py,.py,15530,e2df9457fcca6a1c5c8f634b51a82e806d67fd40561f0d1b66e174e46ec959fb,YES
seq_alignment_registry.py,.py,5170,f4b722deb9a3d25edd9eba3bc359b47e48a1042f48baf85b3b45b732df69a72e,YES
shadow_log.py,.py,8093,89076e474fb5c5ad5e7f06744089fbaab235142452787c4d7a3d5334119898bf,YES
sharia_manager.py,.py,8621,a374a7f71cbde7ee815c916279032ed9cf0a577d3bfbdbc6b4e3020f40c87394,YES
signal_broadcaster.py,.py,7237,c5cee587ff744a5c9703aa3f0a278de80702fd6ea6fe7a9709c6c29d28e941e1,YES
simulate_engine.py,.py,32973,4bc4cb9968583b660dea8e2fe47f83343e0d49127ff9309238c6541f09e955af,YES
single_instance.py,.py,1796,a9ed87314d63e89fdae375ea294282ebb644109cce35932df53bb273a795a0e8,YES
start_bot.sh,.sh,318,81e7541c816c632184cd05366adb11f4b2949f9443c94df00f76018c9eab7ec3,YES
startup_recovery.py,.py,11595,1ddbb1326f435f42b54ece8f1da56ef6d6a757eed8e92c83759b4140fb3d2ed9,YES
stock_mode_manager.py,.py,9677,5a66127b6b17fbacff883ba32cb4e0f8430b86ba4abfcd8ae1aeab1d6af2a472,YES
stock_selector.py,.py,24399,f5a2059a9cc48f42708d0590957e7b60d14dc668f3e031a4f9ec304dd17b6d8a,YES
strategy.py,.py,55741,d594aedddcd9bbb3cd8e4bb492f2c031b35b97757aad1b001af72ecd65c71881,YES
strategy_tools.py,.py,22956,a872b3f87e5ee9b0d0d81dcab3d51940e03c8e29a945a7066ee95e5f466a406c,YES
strategy_validator.py,.py,21914,a0c34828c0cd62085db7805cbf4a6fc1056010921d7cf6060ffff93a1dbab653,YES
subscriber_manager.py,.py,31648,a2c3561560cab90b4889b6b5f7f0d8704600bd7bbe3bd20adbcc07f8cdf677b7,YES
survival_manager.py,.py,11683,dbe9473f3e755af18f1fdd6a31808634c9d22103b32406c10f0f09d983a3ee64,YES
telemetry.py,.py,30657,2f453dfa34441769ea1ff72b52bc62877d7f02976f5328fac224a0bc50663b84,YES
test_alignment_engine.py,.py,768,d4a2bc9f1d2a93d96b2ad63e91730528d436e0774266c83cd2d27e0ef395f547,YES
test_asm_gsm_screen.py,.py,5959,e9f13ce5770e4876e0dd3ebcbb234bb2433402167fa85a11e849412b0d5271c3,YES
test_atr_parity.py,.py,5568,6a7cf9dfff9a695c113ff2c5752df14b9f9cb5262bdf1120d1728775f2332952,YES
test_cnc_swing_hours.py,.py,3009,f6e60985e029066700cdfd04e7e0287e59b70fe9447cb6dfa5f28424e353b9a7,YES
test_data_source_policy.py,.py,4152,5b08e897dd576f4ca32255bac8dbc59e65166c34ec5600b19214b1dfecd43fb5,YES
test_db_setup.py,.py,507,e8dcb7a728217392a9f34781169217d7ac5ba6c373dac1654995a6e9c1a1dce0,YES
test_entry_follow.py,.py,11311,67c1ce363a8558c0e1044091d6f39a17244b14964a203ab9f727998b354230e7,YES
test_full_pipeline.py,.py,15824,c9b00331f4b1f529809be853cce2169fe8fce63744dbf3beb077d97d13b654d7,YES
test_golden.py,.py,21020,f7b1b195fd2fbeb9f84ee8d19e915a78df3c45c8dcb1f12c7e47eb5564236d4e,YES
test_macro.py,.py,3579,125ffeb8e501a08f79ac68846f251612443cb32c788ea0837bcd5d9201a146c4,YES
test_market_metadata.py,.py,474,0f00964bf0c945fff06031a123b62a1de5e7a949c0f9ff0cc446d287f8f1d5cf,YES
test_ndsap_archive.py,.py,12590,7cac7169dd84a58185e28d619b5d7456204a097d754afa8f764ca1587d8ab79f,YES
test_overnight.py,.py,8117,447c561d198ef78d95552ede5b65295bde8ac27fc4c1521428d03a54a6553c96,YES
test_portfolio_backtest_engine_QUANT002.py,.py,7072,f867d98dfd4384e083538b182d92495f0b88e96dab9f6c58bd922a99ac04bb6c,YES
test_scheduler_jobs.py,.py,6461,5982f95d6c7a17e45fbf37dcbdcff2cb1aead5abe089dda1d79e03987cdf4f2f,YES
test_sequence.py,.py,43438,845d316ad83458e7cd4838701e9ca1276ab765b8fc801ee80dc4d1941a7e1e6c,YES
test_sharia_and_validation.py,.py,2148,718dc646ccc0da5da386404a90d87f88166f468ab8810f6772bd1d0268762e86,YES
test_simulate_engine.py,.py,8483,07b7f6b00ae640f4aa39d1b686efdcd2ecf7c724fc37f3acc2503cc3c71a0ea1,YES
test_telemetry.py,.py,17443,e058fa4ac8cffebef2e84e87b1a57b19ca4b8121f0564f823ecdb689c7b6cfbb,YES
test_tool_subset_selection.py,.py,1427,dbc9ad49d6a1fb31d43e154a301833be8f1c91a18d359215b8e3a1c75b7fb1a7,YES
test_universe_snapshot_manager_QUANT001.py,.py,2944,f22888d6b39745dd25de7bcdeaaf6fabb23009868a0f40d24d39816596f108f9,YES
trade_engine.py,.py,80709,8c5b2bdae5c2c2a08bb2621c432d1a378c20ea0ffbe7131423cf723c72456963,YES
trade_logger.py,.py,11032,f94d183035b5d84e4895ba933404adb2ce1ff901010a4866809cb3ca0dabcdd5,YES
universe_snapshot_manager.py,.py,4728,08f064e990f689ac5c5a2bf23a56ace087bca1353f3d3083c4a3c241d673434c,YES
utils.py,.py,16154,dc57ec9ae9c3834948696e3871031476d935a35cd8600db6076d665d60b06705,YES
walk_forward_validator.py,.py,15527,4a79a810ed5e857038b07dcfb8e0fa03468de4daf9c85d4d6dd76e86f3cb44a3,YES
workflow_manager.py,.py,8473,108e2b0d64b184e0a1cb4902542b2472b11bd6447054d9bf656e731225be0dff,YES
