symbol,non_muslim_board,matched,directors
ADSL,False,['Mr. Sair  Muhammad (matched Muhammad)'],"['Mr. Nitin Dhanji Shah', 'Mr. Sunil Vasudev Bhatt', 'Mr. Nehal Nitin Shah', 'Ms. Tejal Prakash Shah', 'Mr. Gopal  Tiwari', 'Mohinder  Chandna', 'Bhupesh Manoharlal Jain', 'Mr. Manoj Ramesh Shah', 'Ms. Khyati Nishil Shah', 'Mr. Sair  Muhammad']"
ADVANCE,False,"['Mr. Om Prakash Choudhary (matched Choudhary)', 'Mr. Kedar  Choudhary (matched Choudhary)', 'Mr. Narendra  Choudhary (matched Choudhary)']","['Mr. Om Prakash Choudhary', 'Mr. Mewa Ram Mehta', 'Ms. Nisha  Gupta', 'Mr. Kedar  Choudhary', 'Mr. Narendra  Choudhary', 'Mr. Narendra Kumar Tripathi', 'Mr. Bhuda Ram Dayal']"
AEGISLOG,False,['Mr. Murad Mohammed Husein Moledina (matched Mohammed)'],"['Mr. Raj Kapurchand Chandaria', 'Mr. Sudhir Omprakash Malhotra', 'Mr. Murad Mohammed Husein Moledina', 'Ms. Sneha Lavaraj Parab', 'Mr. Rajiv M. Chohan', 'Mr. Keshav  Shenoy']"
AEQUS,False,['Mr. Mohamed  Bouzidi (matched Mohamed)'],"['Mr. Aravind Shivaputrappa Melligeri', 'Mr. Ravi  Guttal', 'Mr. Ravi Mallikarjun Hugar', 'Mr. Rajeev  Kaul', 'Mr. Mohamed  Bouzidi', 'Mr. Kapil  Mahajan', 'Mr. Ravi  Assudani', 'Mr. Narendra  Shanbhag', 'Mr. Nagabhushana  Junjappa']"
AEROENTER,False,['Ms. Shehnaz D. Ali (matched Ali)'],"['Mr. Harikant Ganeshlal Turgalia', 'Ms. Shehnaz D. Ali', 'Ms. Alka Premkumar Gupta']"
AEROFLEX,False,"['Mr. Asad  Daud (matched Daud)', 'Mr. Mustafa Abid Kachwala (matched Mustafa)', 'Mr. Pervez  Akhter (matched Pervez)']","['Mr. Asad  Daud', 'Mr. Mustafa Abid Kachwala', 'Ms. Ruthu  Parampogi', 'Mr. Harish  Khatter', 'Mr. Pervez  Akhter', 'Ms. Drashti  Chauhan']"
AETHER,False,['Mr. Faiz Arif Nagariya (matched Faiz)'],"['Mr. Ashwin Jayantilal Desai', 'Mr. Faiz Arif Nagariya', 'Dr. James W. Ringer', 'Mr. Chitrarth Rajan Parghi', 'Ms. Purnima Ashwin Desai', 'Mr. Rohan Ashwin Desai', 'Dr. Aman Ashwinbhai Desai', 'Mr. Kushal  Doshi']"
AFFLE,False,"['Ms. Parmita  Choudhury (matched Choudhury)', 'Mr. Nishant  Malik (matched Malik)']","['Mr. Anuj Khanna Sohum', 'Mr. Viraj  Sinh', 'Mr. Kapil Mohan Bhutani', 'Mr. Karish  Manchanda', 'Mr. Vipul  Kedia', 'Ms. Parmita  Choudhury', 'Mr. Ankit  Rawal', 'Mr. Nishant  Malik', 'Mr. Ramgopal  Iyer', 'Mr. Vishal  Soni']"
AKUMS,False,['Mr. Dharamvir  Malik (matched Malik)'],"['Mr. Sanjeev  Jain', 'Mr. Sandeep  Jain', 'Mr. Sumeet  Sood', 'Mr. Sanjay Kumar Sinha', 'Mr. Dharamvir  Malik', 'Mr. Ankit  Jain', 'Mr. V.  Jagannathan', 'Mr. Sanjay  Sharma', 'Mr. Shantanu R. Chobhe', 'Sahil  Maheshwari']"
ALIVUS,False,['Dr. Yasir Yusufali Rawjee Ph.D. (matched Yasir)'],"['Dr. Yasir Yusufali Rawjee Ph.D.', 'Mr. Tushar P. Mistry', 'Mr. Rudalf Joseph Corriea', 'Mr. Vinod  Naik', 'Soumi  Rao', 'Mr. Sumantra  Mitra', 'Mr. Mathew  George', 'Mr. Navin Kumar Agrawal', 'Dr. Palle V.R. Acharyulu']"
ALLDIGI,False,['Mr. Ali  Hyder (matched Ali)'],"['Mr. Natarajan  Laxsmanan', 'Mr. Manish  Agarwal', 'Mr. Ali  Hyder', 'Mr. Rajesh V. Lachhani', 'Ms. Shivani  Sharma', 'Sureshkumar  N', 'Mr. Chinmay  Panda', 'Mr. Vrushabh  Kotagund', 'Mr. Thirumalanath  JH', 'Mr. Rajesh  Haliah']"
ANTELOPUS,False,['Mr. Suniti Kumar Bhat (matched Bhat)'],"['Mr. Suniti Kumar Bhat', 'Mr. Siva Kumar Pothepalli', 'Mr. Raajeev  Tirupati', 'Ms. Yogita  Rohilla']"
ANTHEM,False,['Mr. Mohammed Gawir Baig (matched Mohammed)'],"['Mr. Ajay  Bhardwaj B.Tech., M.S', 'Mr. K. Ravindra Chandrappa', 'Mr. Mohammed Gawir Baig', 'Dr. Ganesh  Sambasivam', 'Ms. Divya  Prasad', 'Mr. Ishaan  Bhardwaj', 'Mr. Ravi  Kalla', 'Mr. Satish  Sharma', 'Mr. Rupesh N. Kinekar', 'Mr. Malay Jiban Barua B.Sc. (Tech), M.Sc.(Tech)']"
APLLTD,False,"['Mr. Chirayu Ramanbhai Amin (matched Amin)', 'Mr. Pranav Chirayu Amin (matched Amin)', 'Mr. Shaunak Chirayu Amin (matched Amin)', 'Mr. Udit C. Amin (matched Amin)']","['Mr. Chirayu Ramanbhai Amin', 'Mr. Pranav Chirayu Amin', 'Mr. Shaunak Chirayu Amin', 'Mr. G.  Krishnan', 'Dr. Sachin  Ghosalkar', 'Dr. J. Venkat Raman M. S., Ph.D.', 'Ms. Manisha  Saraf', 'Mr. Udit C. Amin', 'Mr. Karunanithi  P.', 'Ms. Namita  Patwari']"
APOLLOPIPE,False,['Mr. Sameer  Gupta (matched Sameer)'],"['Mr. Sameer  Gupta', 'Mr. Arun  Agarwal', 'Mr. Ajay Kumar Jain', 'Mr. Gourab Kumar Nayak', 'Mr. Parinam V. Ravi Kumar']"
ARE&M,False,['Mr. Narayan Sudhakar Choudhary (matched Choudhary)'],"['Mr. Jayadev  Galla', 'Mr. Harshavardhana  Gourineni', 'Mr. Vikramadithya  Gourineni', 'Mr. Y. Delli Babu', 'Mr. Narayan Sudhakar Choudhary', 'Mr. Vikas  Sabharwal', 'Ms. .  Satyasunita', 'Dr. Shilpa Kabra Maheshwari', 'Mr. M. M. Venkata Krishna', 'Mr. Kishore I. Hirani']"
ARIES,False,['Mr. Qaiser Parvez Ansari (matched Parvez)'],"['Dr. Rahul  Mirchandani ; Mba; Ph.D., B. Com; CFA', 'Ms. Chhaya Ashok Warrier', 'Mr. Biplob  Chatterjee', 'Mr. Qaiser Parvez Ansari', 'Mr. Santosh Kumar Pandey', 'Mr. Rajesh Kumar Gupta', 'Rajendra Ravindra Pathre', 'Rajita Sudhir Shetty', 'Mr. Jayapradeep  Subramanian', 'Mr. Arun Kumar Tiwari']"
ARSSBL,False,['Mr. Roshan Bhanwar Lal Moondra (matched Roshan)'],"['Mr. Pradeep Navratan Gupta', 'Mr. Tarak Kumarpal Shah', 'Mr. Roop Kishor Bhootra', 'Mr. Vishal Jugal Kishore Laddha', 'Mr. Chetan Pravinbhai Prajapati', 'Mr. Roshan Bhanwar Lal Moondra', 'Ms. Snehal Hiren Kathrani', 'Mr. Varun Shyam Saboo', 'Mr. Priyank  Sheth', 'Mr. A. B. Rathi']"
ARTEMISMED,False,['Flight Lieutenant Saras  Malik (matched Malik)'],"['Dr. Devlina  Chakravarty DMRD, DNB, M.D., Radiology', 'Mr. Sanjiv Kumar Kothari', 'Ms. Poonam  Makkar', 'Mr. Pradeep Kumar Saha', 'Mr. Rudra Narayan Acharjee', 'Mr. Vivek  Singh', 'Flight Lieutenant Saras  Malik', 'Dr. Manju  Aggarwal M.D., MBBS', 'Dr. Vishal  Arora']"
ASAHIINDIA,False,['Mr. Mirza Asif Beg (matched Asif)'],"['Mr. Sanjay Mohan Labroo', 'Mr. Masao  Fukami', 'Mr. Shailesh  Agarwal', 'Mr. Anil  Ahuja', 'Mr. Gopal  Ganatra', 'Mr. Vikram  Khanna', 'Mr. Pratul  Swarup', 'Mr. Rupinder  Shelly', 'Mr. Navin  Rai', 'Mr. Mirza Asif Beg']"
ASIANPAINT,False,['Mr. Sameer  Salvi (matched Sameer)'],"['Mr. Amit  Syngle', 'Mr. Ramalingam Jeyapandiyan Jeyamurugan', 'Mr. Pragyan  Kumar', 'Ms. Savitha  Shivsankar', 'Mr. Rahul  Bhatnagar', 'Mr. Joseph  Eapen', 'Mr. Aashish  Kshetry', 'Mr. Sameer  Salvi', 'Mr. Alok  Agrawal', 'Hiral Kumar Raja']"
ASTERDM,False,"['Dr. Mandayapurath Azad Moopen DTCD, M.D., MBBS (matched Azad)']","['Dr. Mandayapurath Azad Moopen DTCD, M.D., MBBS', 'Mr. Sunil  Kumar M. R.', 'Mr. Thadathil Joseph Wilson ACA', 'Ms. Alisha  Moopen', 'Mr. S. Ramesh Kumar', 'Dr. N.  Prashanth', 'Mr. Hemish  Purushottam', 'Mr. Varun  Khanna', 'Mr. Sudeep  Dey', 'Mr. Pritpal  Singh']"
AURUM,False,['Ismail  Khan (matched Ismail)'],"['Mr. Onkar Sunil Shetye', 'Mr. Kunal  Karan', 'Mr. Ravi  Krishnan', 'Mr. Diwakar  Pingle', 'Ms. Pranali Pratap Desale', 'Mr. Prateek Kumar Solanki', 'Ms. Denise  Garth', 'Mr. Himanshu  Thosar', 'Ismail  Khan', 'Mr. Shrikant  Jagtap']"
AVADHSUGAR,False,['Mr. Agha Asif Beig (matched Asif)'],"['Mr. Chandra Shekhar Nopany ACA', 'Mr. Dilip  Patodia', 'Mr. Prashant  Kapoor', 'Mr. Sukhvir  Singh', 'Mr. Chand Bihari Patodia', 'Mr. Agha Asif Beig', 'Mr. Venugopal  Chetlur', 'Mr. Vivek Kant Sharma', 'Mr. Rajeev Kumar Tyagi', 'Mr. Arvind Kumar Dixit']"
AYMSYNTEX,False,['Mr. Saha Alam Mondal (matched Alam)'],"['Mr. Abhishek R. Mandawewala', 'Ms. Khushboo A. Mandawewala', 'Mr. Vineet  Adlakha', 'Mr. Abhishek  Patwa', 'Mr. Sachin  Kulkarni', 'Mr. Kaushal Rajnikant Patvi', 'Mr. Sanjay  Sharma', 'Mr. Rahul  Pareek', 'Mr. Saha Alam Mondal', 'Mr. Pankaj  Narula']"
BALAMINES,False,['Mr. Sadik Dawood Patel (matched Dawood)'],"['Mr. Ande Prathap Reddy', 'Mr. Dundurapu Ram Reddy', 'Mr. Ande Srinivas Reddy', 'Mr. Rajeshwar  Reddy Nomula', 'Mr. Govind Raybhanrao Menchekare', 'Mr. Abhijeet S. Kothadiya', 'Mr. Sadik Dawood Patel', 'Ms. Varsha  Guntuk']"
BASF,False,['Mr. Anil Kumar Choudhary (matched Choudhary)'],"['Mr. Alexander  Gerding', 'Mr. Narendranath J. Baliga', 'Mr. Anil Kumar Choudhary', 'Mr. Manohar Shrikant Kamath', 'Mr. Deepak R. Thuse', 'Mr. Raimar  Jahn']"
BEML,False,['Dr. Sajid Farid Shapoo (matched Sajid)'],"['Mr. Shantanu  Roy', 'Mr. Anil  Jerath', 'Ms. Urmi  Chaudhury', 'Mr. Debi Prasad Satpathy', 'Mr. Sanjay  Som', 'Mr. Rajeev Kumar Gupta', 'Macharla Ganesh Govinda Raju', 'Dr. Sajid Farid Shapoo', 'Mr. Sachin  Dighde']"
BIRLACORPN,False,['Mr. Prahlad Kr Choudhary B.E. (matched Choudhary)'],"['Mr. Sandip Ranjan Ghose', 'Mr. Manoj Kumar Mehta', 'Mr. Aditya  Saraogi', 'Mr. Himanshu Kumar Gupta', 'Mr. Kalidas  Pramanik', 'Mr. Rajesh  Kakkar', 'Mr. P. K. Paliwal B.E., B.Sc.', 'Mr. Prahlad Kr Choudhary B.E.', 'Mr. Sunil  Sood', 'Mr. Devesh Kumar Mishra']"
BIRLANU,False,['Mr. Iqbal Krishen Pandit (matched Iqbal)'],"['Mr. Akshat  Seth', 'Ms. Avanti  Birla', 'Mr. Ajay  Kapadia', 'Mr. Rajesh  Rajan', 'Ms. Nidhi  Bisaria', 'Mr. N. Sesha Srinivas', 'Mr. P. K. Jhunjhunwala', 'Mr. Iqbal Krishen Pandit', 'Mr. Gururaj B. Buchalli', 'Dr. S. P. Vivek Chandra Rao']"
BLACKBUCK,False,['Mr. Thejasvi  Bhat (matched Bhat)'],"['Mr. Rajesh Kumar Naidu Yabaji', 'Mr. Satyakam Gururaj Naik', 'Mr. Chanakya  Hridaya', 'Mr. Thejasvi  Bhat', 'Mr. Barun  Pandey', 'Mr. Ramasubramaniam  Balasubramaniam', 'Mr. Abhishek  Singh', 'Mr. Supil  Chachan', 'Mr. Prakash Bajirao Mali', 'Anchit  Maheshwari']"
BRIGADE,False,['Mr. Sajid  Iqbal (matched Sajid)'],"['Mr. Mysore Ramachandrasetty Jaishankar', 'Ms. Nirupa  Shankar', 'Ms. Pavitra  Shankar', 'Mr. Roshin  Mathew', 'Mr. Amar Shivaram Mysore', 'Mr. Pradyumna Krishna Kumar', 'Mr. Yogesh  Patel', 'Mr. Girish Mahendra Agrawal', 'Mr. Sajid  Iqbal', 'Mr. Yadwad  Suresh']"
BSE,False,['Mr. Sameer  Narkar (matched Sameer)'],"['Mr. Sundararaman  Ramamurthy', 'Mr. Deepak  Goel', 'Mr. Viral  Davda', 'Mr. Ramesh  Gurram CISA, CISM, CISSP', 'Ms. Sushri Kamala Kantharaj', 'Mr. Sunil  Ramrakhiani', 'Mr. Sameer  Narkar', 'Mr. Vivek  Jain', 'Mr. Sanjay  Jain', 'Mr. Vishal  Koul']"
CARTRADE,False,['Mr. Sameer  Malhotra (matched Sameer)'],"['Mr. Vinay Vinod Sanghi', 'Ms. Aneesha Menon Bhandary', 'Mr. Pal Lalbahadur Deepnarayan', 'Mr. Rajan Jitendra Mehra', 'Mr. Akshay  Shankar', 'Mr. Banwari Lal Sharma', 'Mr. Abhishek  Patodia', 'Mr. Varun  Sanghi', 'Mr. Sameer  Malhotra']"
COALINDIA,False,['Mr. Mukesh  Choudhary (matched Choudhary)'],"['Mr. Mukesh  Agrawal', 'Mr. Achyuta  Ghatak', 'Dr. Vinay  Ranjan', 'Mr. Mukesh  Choudhary', 'Mr. B.  Sairam', 'John Wesley Golusula', 'Sanjay K. Bhagat', 'Mr. Bijay Prakash Dubey', 'Sanjeev Kumar Bhardwaj', 'Kavita  Gupta']"
COMSYN,False,"['Mr. Anil  Choudhary (matched Choudhary)', 'Mr. Ravindrakumar Mohanlal Choudhary (matched Choudhary)', 'Mr. Pramal  Choudhary (matched Choudhary)', 'Ms. Ranjana  Choudhary (matched Choudhary)']","['Mr. Anil  Choudhary', 'Mr. Ravindrakumar Mohanlal Choudhary', 'Mr. Abhishek  Jain', 'Mr. Pramal  Choudhary', 'Ms. Ranjana  Choudhary', 'Mr. Sandeep  Patel C.S.', 'Mr. Ashok  Gupta', 'Ms. Kavita  Gupta', 'Mr. Hemant  Baid', 'Mr. Virendra Singh Pamecha']"
CORDELIA,False,['Ms. Coralie Annamichele Ansari (matched Ansari)'],"['Mr. Jurgen  Bailom', 'Mr. Nishikant  Upadhyay C.A.', 'Mr. Ankit Satish Shah', 'Mr. Pratik Manoj Shandilya', 'Ms. Coralie Annamichele Ansari', 'Mr. Aditya  Gupta', 'Ms. Nikita  Thaker', 'Mr. Rajesh Chandumal Hotwani']"
CRIZAC,False,['Ms. Salaria  Zaheer (matched Zaheer)'],"['Dr. Vikash  Agarwal', 'Mr. Manish  Agarwal', 'Ms. Priya  Fulfagar', 'Mr. Sibendu  Roy', 'Ms. Kashish  Arora', 'Ms. Salaria  Zaheer', 'Ms. Anindita  Das', 'Mr. Nikhil  Jain', 'Mr. Christopher Flood Nagle']"
CROWN,False,['Mr. Karim Kamruddin Jaria (matched Karim)'],"['Mr. Karim Kamruddin Jaria', 'Mr. Nizar Nooruddin Rajwani', 'Ms. Pooja Baban Shirke']"
DABUR,False,['Mr. Rehan  Hasan (matched Hasan)'],"['Mr. Mohit  Malhotra M.B.A.', 'Mr. Pritam Das Narang AICWA, B.Com, FCA, FCS, MIIA (USA)', 'Mr. Ankush  Jain', 'Mr. Saurabhkumar Narendra Lal', 'Mr. Rahul  Sarawagi', 'Mr. Ashok Kumar Jain B.Com., C.A., C.S., L.L.B.', 'Mr. Byas  Anand', 'Mr. Rehan  Hasan', 'Mr. Biplab  Baksi', 'Mr. A.  Sudhakar L.L.B, M.A, M.Sc., P.G.D.P.M']"
DIVISLAB,False,['Mr. Meka Satish Choudhury (matched Choudhury)'],"['Dr. Kiran Satchandra Divi B. Pharm., M.Pharm', 'Mr. Venkata Ramana Nimmagadda B.Sc.(Chem)', 'Dr. Murali Krishna Prasad Divi M. Pharm, Ph.D.', 'Dr. Devendra Rao Sureddy M.Sc.', 'Ms. Nilima Prasad Divi', 'Mr. Venkatesa Perumallu Pasumarthy B.Com., F.C.A.', 'Mr. Manoranjan  Jasti', 'Mr. Meka Satish Choudhury', 'Mr. Satya Prakash Divi B.Tech (Mech), MBA, MS (CIS)', 'Mr. Y. T. S. Prasad B.E.']"
E2E,False,['Mr. Kotapalli Ravoof Mohammed Imran (matched Mohammed)'],"['Mr. Tarun  Dua', 'Ms. Srishti  Baweja', 'Ms. Megha  Raheja', 'Mr. Kotapalli Ravoof Mohammed Imran', 'Mr. Nitin  Jain', 'Mr. Ronit  Gaba', 'Mr. Bakshish  Dutta']"
ECLERX,False,['Mr. Anjan  Malik (matched Malik)'],"['Mr. Kapil  Jain', 'Mr. Anjan  Malik', 'Mr. Priyadarshan D. Mundhra', 'Mr. Srinivasan  Nadadhur', 'Mr. Pratik  Bhanushali', 'Mr. Scott  Houchin', 'Mr. Stephen  Vena', 'Mr. Sanjay  Kukreja', 'Ms. Asma  Sultana', 'Mr. Hoshi  Mistry']"
EIDPARRY,False,['Mr. Abdul Hakeem Ashiq J (matched Abdul)'],"['Mr. Muthiah  Murugappan', 'Mr. Yelisetty  Venkateshwarlu', 'Mr. V. R. Chandrasekar', 'Mr. A. Stephen Francis', 'Mr. Biswa Mohan Rath', 'Mr. M.  Balaji', 'Mr. Abdul Hakeem Ashiq J', 'Mr. S.  Ramakrishnan']"
EMCURE,False,['Mr. Tajuddin Sabir Shaikh (matched Shaikh)'],"['Mr. Satish Ramanlal Mehta', 'Mr. Samit Satish Mehta', 'Dr. Mukund Keshao Gurjar', 'Mr. Sunil Rajanikant Mehta', 'Ms. Namita Vikas Thapar', 'Mr. Tajuddin Sabir Shaikh', 'Ms. Amruta Jana Yangalwar', 'Mr. Naveen  Soni', 'Mr. Vikas Madan Thapar', 'Mr. Rajesh  Nair']"
EPACK,False,['Mr. Mohammad Lateef Choudhary (matched Mohammad)'],"['Mr. Bajrang Lal Bothra', 'Mr. Ajay DD Singhania', 'Mr. Rajesh Kumar Mittal', 'Ms. Esha  Gupta', 'Mr. Mohammad Lateef Choudhary', 'Mr. Shailendra  Kumar', 'Mr. Maneesh  Bahuguna']"
ETERNAL,False,['Mr. Ali Kausar Siddiqui (matched Ali)'],"['Mr. Albinder Singh Dhindsa', 'Mr. Akshant  Goyal', 'Ms. Damini  Bhalla', 'Deepak  Ahluwalia', 'Kunal  Swarup', 'Ms. Anjali Ravi Kumar', 'Mr. Rishi  Arora', 'Mr. Aditya  Mangla', 'Ms. Sandhya  Sethia', 'Mr. Ali Kausar Siddiqui']"
EUREKAFORB,False,['Ms. Mahnaz  Shaikh (matched Shaikh)'],"['Mr. Pratik Rashmikant Pota BE, PGDM', 'Mr. Gaurav Pradip Khandelwal', 'Ms. Shilpa  Jain', 'Mr. Rakesh  Moza', 'Ms. Mahnaz  Shaikh', 'Mr. Suresh  Redhu', 'Mr. Nithyanand  Shankar', 'Mr. Anurag  Kumar', 'Mr. Vivek Kumar Sharma', 'Mr. Aviral  Chopra']"
EXIDEIND,False,['Ms. Nupur Roy Choudhury (matched Choudhury)'],"['Mr. Avik Kumar Roy', 'Mr. Manoj Kumar Agarwal', 'Mr. Pravin Ramchandra Saraf', 'Mr. Rajeev Ramesh Chand Khandelwal', 'Mr. Amol  Mehra', 'Mr. Jitendra Kumar Mohanlal', 'Ms. Pooja  Basu', 'Ms. Nupur Roy Choudhury', 'Mr. Prabal  Bose', 'Mr. Indranil  Chatterjee']"
FABTECH,False,"['Mr. Zahirhasan Abdulrazzak Shaikh (matched Shaikh)', 'Mr. Ajaj Abdul Rahiman Kazi (matched Abdul)']","['Mr. Ashwani Kumar Singh', 'Mr. Kalpesh Chimanlal Chauhan', 'Ms. Neetu Aditya Tibrewal', 'Ms. Saroja Venkatesh Chandan', 'Mr. Hemant Mohan Anavkar', 'Mr. Zahirhasan Abdulrazzak Shaikh', 'Mr. Ajaj Abdul Rahiman Kazi']"
FAZE3Q,False,['Mr. Akram Hasan Sati (matched Akram)'],"['Mr. Ajay  Anand', 'Mr. Sanjay  Anand', 'Mr. Vishnu Ajay Anand', 'Mr. Ankit Dixit Madhwani', 'Mr. Viswanathan  Sivakumar', 'Mr. Akram Hasan Sati', 'Mr. Manoj  Mondal', 'Mr. Pritam  Singh', 'Mr. Gurunath  Khandekar', 'Pawan  Malhotra']"
FDC,False,['Mr. Zafrullah  Khan (matched Khan)'],"['Mr. Mohan Anand Chandavarkar', 'Dr. Nandan Mohan Chandavarkar', 'Mr. Ameya Ashok Chandavarkar', 'Mr. Ashok Anand Chandavarkar', 'Mr. Vishal  Shah', 'Mr. Shashank  Vyapari', 'Mr. Sanjay B. Jain', 'Ms. Varsharani Rajaram Katre C.S.', 'Mr. Zafrullah  Khan', 'Mayank  Tikkha']"
FERMENTA,False,['Mr. Satish Azad Nadimpally Varma (matched Azad)'],"['Mr. Prashant Prabhakar Nagre', 'Mr. Krishna Vasantkumar Datla', 'Mr. Sumesh  Gandhi CA', 'Mr. Varadvinayak Vijay Khambete', 'Mr. Satish Azad Nadimpally Varma', 'Ms. Anupama Datla Desai', 'Mr. V. K. Raveendranath', 'Mr. Sahil  Desai', 'Mr. Uddhav  Deshmukh', 'Mr. Prashant  Gudhate']"
FMGOETZE,False,['Dr. Khalid Iqbal Khan (matched Khalid)'],"['Dr. Khalid Iqbal Khan', 'Mr. Kunal  Kirti', 'Mr. Rajesh Kumar Sinha B.E, MBA', 'Mr. Abhishek  Nagar', 'Mr. Jasbir  Singh', 'Mr. Gangasagar Neminath Hemade', 'Mr. Amit  Mittal', 'Mr. Sanjeev  Sharma', 'Mr. Varun  Dua', 'Dr. Rakesh  Kumar']"
GANDHAR,False,['Mr. Samir Ramesh Parekh (matched Samir)'],"['Mr. Ramesh Babulal Parekh', 'Mr. Samir Ramesh Parekh', 'Mr. Aslesh Ramesh Parekh', 'Mr. Indrajit  Bhattacharyya', 'Mr. Rajiv Jitendra Parekh', 'Ms. Binal  Khosla', 'Mr. Rohit  Sanghani', 'Mr. Atul  Shah', 'Ms. Kesar  Sonavane', 'Mr. Jatin  Dhamani']"
GARFIBRES,False,['Mr. Shujaul  Rehman (matched Rehman)'],"['Mr. Vayu Ramesh Garware', 'Mr. Shujaul  Rehman', 'Mr. Shashank  Gupta', 'Mr. Vivek  Kulkarni BE', 'Mr. Sunil  Agarwal', 'Ms. Poonam  Gupta', 'Mr. Thirumalai  Kulkarni']"
GENESYS,False,"['Mr. Sajid Siraj Malik ACA, B.Com. (matched Sajid)', 'Mr. Sameer  Sankhe (matched Sameer)']","['Mr. Sajid Siraj Malik ACA, B.Com.', 'Mr. Ravi Kumar V. Jatavallabha', 'Mr. Vineet  Chopra', 'Dr. Aniruddha  Roy', 'Mr. Kushal V. Jain', 'Mr. Sudhir  Pradhan', 'Mr. Sameer  Sankhe', 'Mr. Bala Pavan Kumar Tsunduru']"
GLAXO,False,['Ms. Sukanya  Choudhary (matched Choudhary)'],"['Mr. Bhushan  Akshikar', 'Mr. Ronojit  Biswas', 'Ms. Aparajita  Rajput', 'Mr. Ajay Avinash Nadkarni', 'Mr. Amit G. Pandey', 'Dr. Simrat  Sohal', 'Mr. Carson  Dalton', 'Mr. Harsh V. Trehan', 'Ms. Sukanya  Choudhary', 'Dr. Shalini  Menon']"
GLENMARK,False,['Mr. Alok  Malik (matched Malik)'],"['Mr. Glenn Mario Saldanha', 'Ms. Cherylann Maria Pinto B.Pharm', 'Mr. Alind  Sharma', 'Mr. Ulhas R. Dhuppad', 'Mr. Indrajit  Bose', 'Mr. Brijlal  Motwani', 'Mr. Alok  Malik', 'Mr. Christoph  Stoller', 'Mr. Marc T. Kikuchi B.A., M.B.A.', 'Mr. Anurag  Mantri']"
GMRAIRPORT,False,['Mr. Alexis Benjamin Riols Ali (matched Ali)'],"['Mr. Grandhi Mallikarjuna Rao', 'Mr. Grandhi Kiran Kumar B.Com, MBA', 'Mr. Saurabh  Chawla', 'Mr. Tangirala Venkat Ramana', 'Mr. Indana Prabhakara Rao', 'Mr. Alexis Benjamin Riols Ali', 'Sudeep  Lakhtakia', 'Nischint  Pathania', 'Mr. Dharmendra  Panwar', 'Ravi  Kapoor']"
GODAVARIB,False,['Mr. Samir Shantilal Somaiya (matched Samir)'],"['Mr. Samir Shantilal Somaiya', 'Mr. Naresh Sitaram Khetan', 'Mr. Manoj J. Jain', 'Dr. Sangeeta Arunkumar Srivastava', 'Mr. Bhalachandra Raghavendra Bakshi', 'Mr. Suhas Uttam Godage', 'Ms. Swarna S. Gunware', 'Mr. Pravin Bhupal Vibhute']"
GROWW,False,['Mr. Roshan Bhanuprakash Dave (matched Roshan)'],"['Mr. Lalit  Keshre', 'Mr. Ishan  Bansal', 'Mr. Harsh  Jain', 'Mr. Neeraj  Singh', 'Kunalraj Singh Chhabra', 'Mr. Ashutosh Ashok Naik', 'Mr. Adit Sunil Gupta', 'Mr. Sunil  Bissa', 'Lalit  Bhimani', 'Mr. Roshan Bhanuprakash Dave']"
GUJALKALI,False,['Mr. Samir  Desai (matched Samir)'],"['Mr. Shailesh  Damani', 'Mr. Sanjay Sukhdevbhai Bhatt', 'Ms. Avantika Singh Aulakh I.A.S.', 'R. S. Patil', 'V.H  Patel', 'Mr. Samir  Desai', 'Mr. Pankaj  Mittal', 'Mr. M. B. Shah', 'Mr. Vasant  Tupsamundre', 'Mr. Rajesh  Patil']"
GYFTR,False,['Mr. Mustak  Ali (matched Ali)'],"['Mr. Girish Kumar B. Innani', 'Mr. Satvinderpal Singh Gulati', 'Mr. Umesh  Aggarwal', 'Mr. Mustak  Ali', 'Ms. Tisha  Lamba']"
HGS,False,['Mr. Soumen Nag Choudhury (matched Choudhury)'],"['Mr. Vynsley John Clement Fernandes', 'Mr. Venkatesh  Korla', 'Mr. Mahesh Kumar Nutalapati', 'Mr. Soumen Nag Choudhury', 'Jayaprasad  Menon', 'Mr. Jaydeep  Sampat', 'Mr. Raghavendra  Chinhalli', 'P.  Mohanan', 'Mr. Ramalingam  Ravi', 'Mr. Dinesh  Charak']"
HIKAL,False,['Mr. Sameer Jai Hiremath (matched Sameer)'],"['Mr. Jai Vishwanath Hiremath', 'Mr. Sameer Jai Hiremath', 'Mr. Kuldeep  Jain', 'Mr. Rajasekhar Reddy Chintakindi', 'Mr. Anish Dilip Swadi', 'Mr. Sarangan  Suresh M.Sc', 'Mr. Ratish  Jha', 'Mr. Ravi  Khadabadi', 'Mr. Manoj  Mehrotra', 'Dr. T.  Devanathan']"
HINDALCO,False,['Mr. Anil Kumar Malik IAS (matched Malik)'],"['Mr. Satish  Pai', 'Mr. Anil Kumar Malik IAS', 'Mr. Bharat  Goenka', 'Mr. Poorav  Sheth', 'Mr. Subir  Sen', 'Mr. V. R. Shankar', 'Ms. Geetika Raghunandan Anand', 'Mr. Samik  Basu', 'Dr. Pragnya  Ram', 'Mr. Anil  Mathew']"
HINDCOMPOS,False,['Mr. Pawan Kumar Choudhary (matched Choudhary)'],"['Mr. Pawan Kumar Choudhary', 'Mr. Sunil Kumar Jindal', 'Mr. Arvind  Purohit', 'Mr. Mohan  Parashar', 'Mr. Nakul  Chatterjee', 'Mr. G. M. Indapawar', 'Mr. Vijay  Jain', 'Mr. Varunn  Mody']"
HINDWAREAP,False,['Mr. Naveen  Malik (matched Malik)'],"['Mr. Nirupam  Sahay MMS', 'Mr. Naveen  Malik', 'Ms. Payal M. Puri', 'Ms. Arunima  Yadav', 'Mr. Sandeep  Sikka', 'Mr. Rajesh  Pajnoo BE, DBM, PGDM&SM', 'Mr. Nitesh  Raj']"
HNDFDS,False,['Mr. Sameer Ramanlal Kothari (matched Sameer)'],"['Mr. Sameer Ramanlal Kothari', 'Mr. Mayank  Samdani', 'Mr. Bankim Dilip Purohit', 'Mr. Ganesh Tukaram Argekar', 'Mr. Vimal  Solanki', 'Mr. Alok  Bodhankar', 'Mr. Sanjay  Sehgal', 'Mr. Sunil  Plakkat', 'Mr. Manojkumar  Patani', 'Sanjiv  Chatterji']"
HSCL,False,"['Mr. Anurag  Choudhary (matched Choudhary)', 'Mr. Shyam Sundar Choudhary (matched Choudhary)', 'Mr. Amit Kumar Choudhary (matched Choudhary)']","['Mr. Anurag  Choudhary', 'Mr. Shyam Sundar Choudhary', 'Mr. Amit Kumar Choudhary', 'Mr. Kamlesh Kumar Agarwal', 'Ms. Monika  Saraswat', 'Mr. Kunal  Mukherjee', 'Dr. Soumen  Chakraborty', 'Mr. Monojit  Mukherjee', 'Mr. Somesh  Satnalika', 'Avijit  Sasmal']"
ICRA,False,['Mr. S. Shakeb Rahman (matched Rahman)'],"['Mr. Ramnath  Krishnan', 'Mr. Venkatesh  Viswanathan', 'Mr. S. Shakeb Rahman', 'Mr. Amit Kumar Gupta', 'Mr. Anand  Iyer', 'Naznin  Prodhani', 'Ms. Sheetal  Sandhu', 'Mr. L.  Shivakumar', 'Mr. K.  Ravichandran', 'Mr. Jayanta  Roy']"
INDIGO,False,['Mr. Riyaz Haider Peer Mohamed CFA (matched Riyaz)'],"['Mr. Rahul  Bhatia', 'Mr. Gaurav Manoher Negi', 'Mr. Isidro Pablo Porqueras Orea', 'Mr. Neetan  Chopra', 'Richa  Chhabra', 'Ms. Saguna  Vaid', 'Ms. Neerja  Sharma', 'Mr. Vinay  Malhotra', 'Mr. Sukhjit Singh Pasricha', 'Mr. Riyaz Haider Peer Mohamed CFA']"
INNOVISION,False,['Lieutenant Colonel Permender Kumar Malik (matched Malik)'],"['Lieutenant Colonel Randeep  Hundal', 'Mr. Uday Pal Singh', 'Mr. Bijender  Yadav', 'Ms. Jyoti  Sachdeva', 'Lieutenant Colonel Permender Kumar Malik', 'Mr. Shyam Bahadur Singh', 'Commodore Arumugam Thanigai Anandan', 'Mr. Munish  Kumar', 'Mr. Rajender  Prasad']"
INTELLECT,False,['Mr. Praveen  Malik (matched Malik)'],"['Mr. Arun  Jain B.E.', 'Mr. Anil Kumar Verma', 'Ms. Vasudha  Subramaniam', 'Mr. Prashant  Lalchandani', 'Mr. K.  Govindarajan', 'Mr. Praveen  Malik', 'Mr. K. Satish Kumar', 'Mr. Prakash  Bharadwaj', 'Mr. Jean-Pierre  Arens', 'Mr. Rajesh  Makhija']"
IRCON,False,"['Mr. Saleem  Ahmad (matched Saleem)', 'Mr. Alin Roy Choudhury (matched Choudhury)']","['Ms. Ragini  Advani', 'Mr. Saleem  Ahmad', 'Mr. Alin Roy Choudhury', 'Mr. Debajyoti  Kumar', 'Ms. Pratibha  Aggarwal', 'Sakkeer  Hussian C.T.', 'Mr. Manoj  Kumar', 'Surendra  Yadav', 'Sanjay Kumar Gupta', 'Vimal Kishor Nagar']"
ISGEC,False,"['Mr. Bhupinder Kumar Malik (matched Malik)', 'Mr. Manzar  Abbas (matched Abbas)']","['Mr. Aditya  Puri', 'Mr. Kishore  Chatnani', 'Mr. Sanjay  Gulati', 'Mr. Sachin  Saluja', 'Mr. Bhupinder Kumar Malik', 'Mr. B. V. Mittal', 'Mr. Manzar  Abbas', 'Mr. Kalyan  Ghosh', 'Ms. Radhika  Arora', 'Mr. Ravi  Jaidka']"
JSWCEMENT,False,['Mr. Mubin  Hussain (matched Hussain)'],"['Mr. Nilesh  Narwekar', 'Mr. Narinder Singh Kahlon', 'Mr. Parth Sajjan Jindal', 'Mr. Kunal  Mukherjee', 'Ms. Sneha  Bindra', 'Mr. Hitendra R. Jariwala', 'Mr. Barada Tripathy Nandan', 'Mr. Raj Kumar Dhempe', 'Mr. Mubin  Hussain', 'Dr. Jagabandhu  Kole']"
JUBLFOOD,False,['Mr. Sameer  Khetarpal (matched Sameer)'],"['Mr. Shyam Sunder  Bhartia', 'Mr. Hari Shanker Bhartia B.E., B.Tech', 'Mr. Sameer  Khetarpal', 'Ms. Suman Satyanath Hegde', 'Ms. Mona  Aggarwal', 'Mr. Pawan Bhargav Kumar', 'Mr. Narottam  Sharma', 'Mr. Apaar  Saraswat', 'Ms. Deepti  Gupta', 'Mr. Neeraj  Katoch']"
JWL,False,['Mr. Swapan Kumar Choudhury (matched Choudhury)'],"['Mr. Abhishek  Jaiswal', 'Ms. Ritu  Lohia', 'Mr. Ritesh Kumar Singh', 'Mr. Vivek  Lohia', 'Mr. Vikash  Lohia', 'Mr. Swapan Kumar Choudhury', 'Mr. Vinod Kumar Agarwal', 'Mr. Sudip Kumar Haldar', 'Ms. Shradha  Lohia', 'Mr. Rajiv Kumar Tulsyan']"
KABRAEXTRU,False,['Mr. U. Mahaboob Ali Khan (matched Ali)'],"['Mr. Anand Shreevallabh Kabra', 'Ms. Ekta Anand Kabra', 'Mr. Daulat  Jain', 'Ms. Shilpa Ashutosh Rathi', 'Mr. U. Mahaboob Ali Khan', 'Mr. P. M. Jariwala', 'Mr. Kishor S. Singi', 'Mr. Pramod Vitthalrao Kokate', 'Mr. Jayant  Ranade', 'Mr. Arnab  Saha']"
KAYNES,False,"['Colonel Sharath  Bhat (matched Bhat)', 'Mr. Abdul  Nazar (matched Abdul)']","['Ms. Savitha  Ramesh', 'Mr. Jairam Paravastu Sampath', 'Dr. Narayanaswamy  Muthukumar', 'Colonel Dilip  Nambiar', 'Ms. Sudhasri  Addepalli', 'Ms. Premita  Govind', 'Mr. Sajan  Anandaraman', 'Colonel Sharath  Bhat', 'Mr. Abdul  Nazar', 'Mr. Vishwanathan  K']"
KECL,False,['Mr. Mahabaleshwar  Bhat (matched Bhat)'],"['Mr. Vijay Ravindra Kirloskar', 'Mr. Anand Balaramacharya Hunnur', 'Ms. Janaki  Kirloskar', 'Mr. Dillip Kumar Pani', 'Mr. Mahabaleshwar  Bhat', 'Mr. S.  Lokesha', 'Mr. Nitin  Jain', 'Mr. M.  Arunesh', 'Mr. Basavaraj  Baragudi']"
KFINTECH,False,['Mr. Nazish Hussain Mir (matched Hussain)'],"['Mr. Venkata Satya Naga Sreekanth Nadella', 'Mr. Vivek Narayan Mathur', 'Mr. Nazish Hussain Mir', 'Mr. Ram  Gattani', 'Mr. Anish  Kumar', 'Ms. Hanisha  Vadlamani', 'Mr. Sujay  Puthran', 'Mr. Gopala Krishnan Giridhar', 'Mr. Quah Meng Kee', 'Mr. Mario Sylvester Roche']"
KLBRENG-B,False,['Maqsood R. Kazi (matched Maqsood)'],"['Mr. Ranjit Pamo Lala', 'Mr. Anil Somshekar Karnad', 'Mr. Sachin Jaibal Vijayakar', 'Mr. Abhijit Shevantilal Mehta', 'Maqsood R. Kazi']"
KOTIC,False,"['Mr. Jinnah Moideen Ahmed Rafiq (matched Ahmed)', 'Mr. Shafeeque  Ahmed (matched Ahmed)']","['Mr. Jinnah Moideen Ahmed Rafiq', 'Mr. Anil Kumar Padhiali', 'Mr. A.  Rubandhas', 'Mr. V.  Anand', 'Mr. Shafeeque  Ahmed', 'Mr. A  Sahabudeen', 'Ms. Antara Pandit Kothari', 'Mr. P.  Karthikeyan']"
KPEL,False,['Mr. Affan Faruk Patel (matched Faruk)'],"['Ms. Shabana Virender Bajari', 'Mr. Karmit Haribhadrabhai Sheth', 'Dr. Farukbhai Gulambhai Patel', 'Mr. Affan Faruk Patel', 'Dr. Alok  Das']"
KPIGREEN,False,"['Mr. Salim Suleman Yahoo (matched Salim)', 'Mr. Krunal Devendrak Umar Bhatt (matched Umar)']","['Dr. Farukbhai Gulambhai Patel', 'Mr. Salim Suleman Yahoo', 'Mr. Mohmed Sohil Yusufbhai Dabhoya', 'Dr. Alok  Das', 'Mr. Surinder Kumar Negi', 'Mr. Krunal Devendrak Umar Bhatt', 'Mr. Rafik  Burma', 'Mr. Rajesh  Shrivastava']"
KRONOX,False,['Mr. Samir  Gadhiya (matched Samir)'],"['Mr. Jogindersingh Gianchand Jaswal', 'Mr. Ketan  Ramani', 'Mr. Pritesh Vinodchandra Ramani', 'Mr. Samir  Gadhiya', 'Mr. Nikhil  Goswami', 'Mr. Mehul  Patel']"
LAOPALA,False,['Mr. Jit  Roy Choudhury (matched Choudhury)'],"['Mr. Sushil Kumar Jhunjhunwala', 'Mr. Ajit  Jhunjhunwala', 'Ms. Nidhi  Jhunjhunwala', 'Mr. Alok  Pandey', 'Mr. Jit  Roy Choudhury']"
LAXMIDENTL,False,"['Mr. Sameer Kamlesh Merchant (matched Sameer)', 'Mr. Sarfaraz Nasir Merchant (matched Nasir)']","['Mr. Rajesh Vrajlal Khakhar', 'Mr. Sameer Kamlesh Merchant', 'Mr. Dharmesh Bhupendra Dattani', 'Mr. Amrish Mahendrabhai Desai', 'Mr. Suman  Saha', 'Mr. Sarfaraz Nasir Merchant']"
LLOYDSME,False,['Mr. Riyaz Ahmed Shaikh (matched Riyaz)'],"['Mr. Rajesh Rajnarayan Gupta B.Com.', 'Mr. Balasubramanian  Prabhakaran', 'Mr. Riyaz Ahmed Shaikh', 'Mr. Akshay Pankaj Vora', 'Mr. Madhur Rajesh Gupta', 'Mr. Soundararajan  Venkateswaran', 'Mr. Yellapantula Gouri Surya Prasad', 'Mr. Chintan  Mehta', 'Mr. Ashit  Patni', 'Mr. Venkatesan  Radakrishnan']"
LTTS,False,['Mr. Samir  Bagga (matched Samir)'],"['Mr. Amit Pal Singh Chadha', 'Mr. Rajeev Trilokinath Gupta', 'Mr. Prasad Vishnu Shanbhag', 'Mr. Alind  Saxena', 'Mr. Mritunjay Kumar Singh', 'Mr. Ashish  Khushu', 'Sandesh  Naik', 'Mr. Samir  Bagga', 'Mr. T.  Shivaram', 'Mr. Shailendra J. Shrivastava']"
LUPIN,False,['Dr. Sofia  Mumtaz (matched Mumtaz)'],"['Ms. Vinita D. Gupta', 'Mr. Ramesh  Swaminathan', 'Mr. Nilesh Deshbandhu Gupta', 'Mr. Christoph  Funke', 'Dr. Shahin  Fesharaki', 'Mr. Ravi  Agrawal', 'Ms. Rajalakshmi  Azariah', 'Dr. Fabrice  Egros M.B.A., Ph.D., Pharm.D.', 'Mr. Yashwant S. Mahadik B.Com, MBA', 'Dr. Sofia  Mumtaz']"
MANINFRA,False,['Mr. Sameer Satish Aurangabadwalla (matched Sameer)'],"['Mr. Manan Parag Shah', 'Mr. Ashok Manharlal Mehta', 'Yashesh Yogesh Parekh', 'Jay Navinchandra Desai', 'Mr. Sameer Satish Aurangabadwalla', 'Mr. Durgesh Suhas Dingankar']"
MANYAVAR,False,['Mr. S. Arif Raza (matched Arif)'],"['Mr. Ravi  Modi', 'Mr. Rahul  Murarka', 'Mr. Navin  Pareek', 'Ms. Shilpi  Modi', 'Mr. Sushil Kumar Agarwal', 'Mr. Anand  Narang', 'Mr. Amar  Sethia', 'Mr. Ajay  Modi', 'Mr. S. Arif Raza', 'Mr. Vedant  Modi']"
MAPMYINDIA,False,['Mr. Ankeet  Bhat (matched Bhat)'],"['Mr. Rakesh Kumar Verma', 'Ms. Rashmi  Verma', 'Mr. Anuj Kumar Jain', 'Mr. Saurabh Surendra Somani', 'Mr. Rohan  Verma', 'Ms. Sapna  Ahuja', 'Mr. Ankeet  Bhat', 'Mr. Shishir Kumar Verma', 'Mr. Rishin  Kalra', 'Mr. Nikhil  Kumar']"
MARICO,False,['Mr. Mohammad Mahmud Hasan (matched Mohammad)'],"['Dr. Harshraj Charandas Mariwala', 'Mr. Saugata  Gupta', 'Mr. Pawan A. Agrawal', 'Mr. Vrijesh  Nagathan', 'Mr. Harsh  Rungta', 'Mr. Amit  Bhasin', 'Mr. Vinay  M. A.', 'Ms. Ashmita  Pillay', 'Mr. Mohammad Mahmud Hasan', 'Mr. Vikram  Karwal']"
MARKSANS,False,['Mr. David  Mohammed (matched Mohammed)'],"['Mr. Mark B. Saldanha', 'Mr. Jitendra M. Sharma', 'Mr. Harshavardhan  Panigrahi', 'Ms. Sandra  Saldanha', 'Mr. Varddhman Vikramaditya Jain', 'Mr. Vishal  Bhargava', 'Mr. David  Mohammed', 'Mr. Sunil K. Rane', 'Mr. Sathish  Kumar', 'Mr. Anjani  Kumar']"
MAXHEALTH,False,['Mr. Anas Abdul Wajid (matched Abdul)'],"['Mr. Abhay  Soi', 'Mr. Yogesh Kumar Sareen', 'Mr. Dhiraj  Aroraa', 'Mr. Prashant  Singh', 'Mr. Gagan  Palta', 'Mr. Anas Abdul Wajid', 'Mr. Umesh  Gupta', 'Dr. Sandeep  Budhiraja', 'Dr. Anurag  Krishna', 'Colonel Harinder Singh Chehal']"
MAXIND,False,['Ms. Arti  Malik (matched Malik)'],"['Mr. Analjit  Singh BA, BS, MBA', 'Mr. Rajit  Mehta', 'Mr. Sandeep  Pathak', 'Ms. Trapti  Kushwaha', 'Mr. Ajay  Agrawal', 'Ms. Simardeep  Kaur', 'Ms. Arti  Malik', 'Mr. Ishaan  Khanna']"
MEDICAMEQ,False,['Ms. Parul  Choudhary (matched Choudhary)'],"['Mr. Rajesh  Madan B. Pharma', 'Mr. Chandan  Kumar', 'Ms. Parul  Choudhary', 'Dr. Aneek  Gupta', 'Mr. Ashwani Kumar Sharma']"
METROBRAND,False,"['Ms. Farah Malik Bhanji (matched Malik)', 'Mr. Mohammed Iqbal Hasanally Dossani (matched Mohammed)', 'Ms. Alisha Rafique Malik (matched Malik)']","['Mr. Nissan  Joseph', 'Mr. Kaushal Khodidas Parekh', 'Mr. Mohit  Dhanjal', 'Ms. Deepa  Sood', 'Ms. Nandini  Mehta', 'Ms. Farah Malik Bhanji', 'Mr. Mohammed Iqbal Hasanally Dossani', 'Ms. Alisha Rafique Malik', 'Mr. Aashish Dipak Mashruwala', 'Mr. Nandadeep Madhav Jayakar']"
METROPOLIS,False,['Mr. Sameer Prakash Patel (matched Sameer)'],"['Ms. Ameera Sushil Shah', 'Mr. Surendran  Chemmenkotil', 'Dr. Sushil Kanubhai Shah', 'Mr. Sameer Prakash Patel', 'Dr. Kirti  Chadha', 'Mr. Pinakin  Shah', 'Mr. Kamlesh Chandrashekhar Kulkarni', 'Mr. Jeyasingh  Balakrishnan', 'Mr. Mohan  Menon', 'Ms. Diya  Suri']"
MHLXMIRU,False,['Mr. Samir  Parekh (matched Samir)'],"['Mr. Rahul Jeetmal Parekh', 'Mr. Anand Jeetmal Parekh', 'Mr. Kaluram Birdaram Gurjar', 'Mr. Karan Rajivbhai Parikh', 'Mr. Samir  Parekh', 'Mr. Himmatsingh  Rathore', 'Mr. Odhavji  Dhandhukiya', 'Mr. Madan  Ketkar', 'Mr. Anantbhai  Patel']"
MHRIL,False,"['Mr. Manoj  Bhat (matched Bhat)', 'Mr. Rohit  Malik (matched Malik)']","['Mr. Manoj  Bhat', 'Ms. Mansi Shashwat Laheri', 'Mr. Rajiv  Vimal', 'Mr. Vineet  Bhardwaj', 'Mr. Hoshedar  Havewala', 'Mr. Ghanashyam  Hegdekatte', 'Mr. Rohit  Malik', 'Mr. Zubin  Kutar', 'Mr. Santhosh Raman Kutty', 'Mr. Manish  Goel']"
MINDTECK,False,['Mr. Karim  Dhanani (matched Karim)'],"['Mr. Santosh Kalli Nandiyath', 'Mr. Sathya  Raja G', 'Ms. V. Manju Reddy', 'Mr. Karim  Dhanani', 'Mr. Keshava  Prasad L', 'Mr. Rozario Arun Prakash', 'Debabrata  Guria', 'Mr. Satish Kumar V. S.', 'Mr. Saibal  Dey', 'Mr. Karnendu Raja Pattanaik']"
MOIL,False,['Mr. Mirza Mohamtnad Abdulla (matched Abdulla)'],"['Mr. Rakesh  Tumane', 'Mr. Neeraj Dutt Pandey', 'Mr. Mirza Mohamtnad Abdulla', 'Ms. Rashmi  Singh', 'Mr. Vishwanath  Suresh', 'Mr. Kishor  Chandrakar', 'Ms. Preeti A. Joshi', 'Mr. R. P. Patil', 'Mr. B.D.  Gajghate', 'Mr. Ashwini Kumar Dash']"
NAHARSPING,False,['Mr. Surender Kumar Bhat (matched Bhat)'],"['Ms. Tanvi  Oswal', 'Mr. Anil Kumar Garg', 'Mr. Brij  Sharma', 'Mr. Dinesh P. Oswal B.Com.', 'Mr. Komal  Jain M.A.', 'Mr. Sohinder  Singh', 'Mr. Mukesh  Rustagi', 'Mr. Prem Kishore Vashishth', 'Mr. Surender Kumar Bhat', 'Mr. Ashwani Kumar Aggarwal']"
NAM-INDIA,False,['Mr. Kaiyomurz Pervez Daver (matched Pervez)'],"['Mr. Sundeep  Sikka M.B.A.', 'Mr. Sailesh Raj Bhan CFA', 'Mr. Saugata  Chatterjee', 'Mr. Parag  Joglekar', 'Mr. Milind S. Nesarikar', 'Mr. Abhijit P. Shah', 'Mr. Arash  Arethna', 'Mr. Muneesh  Sud', 'Mr. Kaiyomurz Pervez Daver', 'Mr. Mohit  Shetty']"
NESTLEIND,False,['Ambereen Ali Shah (matched Ali)'],"['Mr. Manish  Tiwary', 'Mr. Edouard Dominique Jean Mac Nab', 'Mr. Ajay  Bajaj', 'Ms. Dhwani  Rao', 'Ambereen Ali Shah', 'Mr. Varun  Sethuraman', 'Ms. Nitu  Bhushan', 'Mr. Jagdeep Singh Marahar', 'Mr. Himmat  Singh', 'Mr. Varun  Gupta']"
NLCINDIA,False,['Mr. Samir  Swarup (matched Samir)'],"['Dr. Prasanna Kumar Acharya', 'Mr. Samir  Swarup', 'Dr. Suresh Chandra Suman', 'Mr. Sanoj Kumar Jha I.A.S.', 'Mr. Sushanta Kumar Panda', 'Mr. C.  Thiagaraju', 'Mr. N.  Raguraman', 'Mr. S.  Gurusamynathan', 'Mr. Y. Joe Stephen Dominic', 'Mr. S.  Harikrishnan']"
NUCLEUS,False,['Mr. Pradeep  Malik (matched Malik)'],"['Mr. Parag  Bhise MCA', 'Mr. Vishnu Rampratap Dusad B.Tech', 'Mr. Anurag  Mantri', 'Ms. Poonam  Bhasin', 'Dr. Ritika  Dusad', 'Mr. Ashok Kumar Bhura', 'Ms. Swati  Ahuja', 'Ms. Swati  Patwardhan', 'Mr. Pradeep  Malik', 'Mr. Bharadwaj  Rao']"
NUVAMA,False,['Mr. Riyaz  Marfatia (matched Riyaz)'],"['Mr. Ashish  Kehair', 'Mr. Shiv  Sehgal', 'Mr. Riyaz  Marfatia', 'Mr. Bharat  Kalsi', 'Mr. Harsh  Jha', 'Dr. Dinesh  Soni', 'Mr. Jasbir  Kochar', 'Rashmi  Nagori', 'Mr. Satyen  Shah', 'Mr. Keyur  Ajmera']"
ORIENTTECH,False,['Mr. Shrihari Kishor Bhat (matched Bhat)'],"['Mr. Ajay Baliram Sawant', 'Mr. Shrihari Kishor Bhat', 'Mr. Jayesh Manharlal Shah', 'Mr. Ujwal Arvind Mhatre', 'Mr. Umesh Navnitlal Shah', 'Alkesh  Wandre', 'Mr. Suresh  Bachwani', 'Ms. Yashashree Vidyadhar Parab', 'Deepa  Mhatre', 'Mansi  Sawant']"
PACEDIGITK,False,['Mr. Surajit  Khan (matched Khan)'],"['Mr. Venugopal Rao Maddisetty', 'Mr. Pandidurai  Rajavendhan', 'Ms. Meghana Purushotham Manchaiah', 'Mr. Rajiv  Maddisetty', 'Ms. Padma Venugopal Maddisetty', 'Mr. Alok  Singhal', 'Mr. Krishna  Murthy', 'Mr. Prafull Ranjan Singh', 'Mr. Surajit  Khan', 'Mr. Praveen Shashidhar Hebbalkar']"
PANACEABIO,False,['Dr. Khalid Al Syed (matched Khalid)'],"['Dr. Rajesh  Jain Ph.D.', 'Mr. Sandeep  Jain', 'Mr. Vinod  Goel', 'Dr. Khalid Al Syed', 'Mr. Gurinder Pal Singh', 'Dr. Sanjay  Trehan', 'Mr. Ankesh  Jain', 'Mr. Harshet  Jain', 'Dr. Naveen Kumar Jain', 'Dr. Rajeeva Kumar Mangalum']"
PANAMAPET,False,"['Mr. Arif A. Rayani (matched Arif)', 'Mr. Samir Akbarali Rayani (matched Samir)', 'Mr. Hussein Vazirali Rayani (matched Hussein)', 'Mr. Iqbal Vazirali Rayani (matched Iqbal)']","['Mr. Arif A. Rayani', 'Mr. Samir Akbarali Rayani', 'Mr. Amirali Essabhai Rayani', 'Mr. Hussein Vazirali Rayani', 'Mr. Pramod  Maheshwari', 'Mr. Pradip Kumar Nikam', 'Ms. Gayatri  Sharma', 'Mr. Iqbal Vazirali Rayani', 'Mr. P. K. Johari', 'Ms. Nilima Shahnawaz Kheraj']"
PATANJALI,False,['Mr. Ajay  Malik (matched Malik)'],"['Mr. Sanjeev Kumar Asthana PGDIT, PGDRM', 'Mr. Kumar  Rajesh', 'Mr. Ramji Lal Gupta', 'Mr. Ram  Bharat', 'Dr. Sanjeev Kumar Khanna', 'Mr. Ashutosh Bhailal Rao LLB', 'Mr. Ashim Kumar Banerjee', 'Mr. Mallesham  Poola', 'Mr. Ajay  Malik', 'Mr. Pawan  Arora']"
PDSL,False,['Mr. Sadik Ismail Sunasara (matched Ismail)'],"['Mr. Sanjay  Jain', 'Mr. Pallak  Seth', 'Mr. Abhishekh  Kanoi', 'Sunvinder  Singh', 'Mr. Sadik Ismail Sunasara', 'Mr. Prakhar  Srivastava', 'Ms. Reenah  Joseph', 'Mr. Paul  Wright', 'Mr. Mohit  Sharma', 'Alex  Feng']"
PENIND,False,['Mr. Mirza Mohammed Ali Baig (matched Mohammed)'],"['Mr. Aditya Narsing Rao B.S., M. Eng.', 'Mr. Shrikant  Bhakkad', 'Mr. Mirza Mohammed Ali Baig', 'Mr. Lavanya Kumar Rao Kondapally', 'Mr. Yalamanchili Narasimha Rao', 'Mr. Indukuri Venkata Ramana Raju', 'Rajat  Narain', 'Mr. Dayasagar Rao Neelagiri', 'Mr. M. Bhoopal Reddy', 'Mr. K. Shiva Kumar']"
PINELABS,False,"['Mr. Sameer  Maheshwary (matched Sameer)', 'Mr. Sameer Vasudev Kamath (matched Sameer)']","['Mr. Neerav  Mehta', 'Ms. Vijayalakshmi  Swaminathan', 'Mr. Kush  Mehra', 'Mr. Sanjeev  Kumar', 'Mr. Sameer  Maheshwary', 'Mr. Sumit  Chopra', 'Mr. Bairavarasu Amrish Rau', 'Mr. Lokvir  Kapoor', 'Mr. Sameer Vasudev Kamath', 'Ms. Shalini  Saxena']"
POWERICA,False,['Mr. Qazi Syed H. Aamir (matched Syed)'],"['Mr. Bharat Naresh Oberoi', 'Mr. Ritesh Kumar Agrawal', 'Mr. Manish Trilokchand Agarwal', 'Ms. Anita Praful Renuse', 'Mr. Rajan P. Vahi', 'Ms. Renu Naresh Oberoi', 'Mr. Pradeep Omprakash Gupta', 'Mr. Jai Ram Oberoi', 'Mr. Qazi Syed H. Aamir', 'Mr. Anil Kumar Tyagi']"
POWERINDIA,False,"['Mr. Akilur  Rahman (matched Rahman)', 'Ms. Seema  Siddiqui (matched Siddiqui)']","['Mr. Nuguri  Venu', 'Mr. Ajay  Singh', 'Mr. Akilur  Rahman', 'Ms. Priyanka  Bhagat', 'Mr. Poovanna Chinnappa Ammatanda', 'Ms. Seema  Siddiqui', 'Mr. Vishal  Dewan', 'Ms. Neha  Ahluwalia', 'Mr. Ramkumar  D.', 'Mr. Saji  S.']"
PRESTIGE,False,['Mr. Tariq  Ahmed (matched Tariq)'],"['Mr. Irfan  Razack', 'Dr. Rezwan  Razack', 'Ms. Uzma  Irfan', 'Mr. Noaman  Razack', 'Mr. Amit  Mor', 'Mr. Shivaprasad  Naik', 'Lieutenant Colonel Milan  Khurana', 'Mr. J. V. Manoj Krishna', 'Mr. Shubamay  Ganguly', 'Mr. Tariq  Ahmed']"
PTC,False,['Hira Lal Choudhary (matched Choudhary)'],"['Dr. Manoj Kumar Jhawar', 'Mr. Pankaj  Goel', 'Hira Lal Choudhary', 'Mr. Rajiv Kumar Maheshwari', 'Mr. Bikram Singh Guram', 'Mr. Rajiv  Malhotra', 'Mukesh  Ahuja', 'Koel  Singhal', 'Rajesh  Cherayil']"
RAMRAT,False,['Mr. Iqbal Singh Saggu (matched Iqbal)'],"['Mr. Mahendrakumar Rameshwarlal Kabra', 'Mr. Hemant Mahendrakumar Kabra', 'Mr. Ankit  Kedia', 'Mr. Hitesh Laxmichand Vaghela', 'Mr. Sumeet Mahendrakumar Kabra', 'Mr. Iqbal Singh Saggu', 'Mr. Rajeev  Maheshwari', 'Mr. Saurabh  Gupta']"
RCF,False,['Ms. Nazhat J. Shaikh (matched Shaikh)'],"['Ms. Nazhat J. Shaikh', 'Ms. Ritu  Goswami', 'Mr. Jai Bhagwan Sharma', 'Mr. Niranjan S. Sonak', 'Mr. Shivakumar  Subramaniam', 'Mr. Sharad S. Sonawane', 'Nuhu H. Kurane', 'Dr. Rahul S. Jagtap', 'Mr. M.  Ramesh']"
RECLTD,False,['Mr. Mohammed Azaz Ali (matched Mohammed)'],"['Jitendra  Srivastava', 'Thangarajan Subash Chandira Bosh', 'Rajesh  Kumar', 'Bhupesh  Chandolia', 'Mr. Mohammed Azaz Ali', 'Mr. Prabhat Kumar Singh', 'Mr. Subrata  Aich', 'Sahab  Narain DGM, RECL', 'Ms. Vinita  Narera', 'Mr. Dinesh  Garg ACS, M.Com']"
REDTAPE,False,['Mr. Rashid Ahmed Mirza (matched Rashid)'],"['Mr. Rashid Ahmed Mirza', 'Mr. Shuja  Mirza', 'Mr. Akhilendra Bahadur Singh', 'Mr. Arvind  Verma', 'Ms. Sunanda  Singh', 'Mr. Vivek  Agnihotri', 'Mr. Shashank  Kumar', 'Ms. Aparna  Bharuka']"
RELIGARE,False,['Mr. Indranil  Choudhury (matched Choudhury)'],"['Mr. Pratul  Gupta', 'Mr. Rajesh  Sharma', 'Mr. Milind Narendra Patel', 'Mr. Sanjeev  Tandon', 'Mr. Babu Rao Priya', 'Mr. Rajiv Ranjay Sarkar', 'Mr. Indranil  Choudhury', 'Abhishek  Pasarij', 'Mr. Arjun  Lamba', 'Mr. Pankaj Mahesh Kumar Rathi']"
REPRO,False,['Ms. Almina Banu Abubakar Shaikh (matched Shaikh)'],"['Mr. Vinod Inderjit Vohra', 'Mr. Sanjeev Inderjit Vohra', 'Mr. Abhinav  Vohra', 'Ms. Almina Banu Abubakar Shaikh', 'Mr. Mukesh Rajnikant Dhruve', 'Mr. Rajeev Inderjit Vohra', 'Shobhit  Verma', 'Mr. Sandeep Bharam Bir Dua', 'Mukul Mahavirprasad Agrawal']"
RGL,False,['Khurram  Abdulla (matched Abdulla)'],"['Mr. Darshil Atul Shah', 'Mr. Dilip Bhogilal Joshi', 'Mr. Vishal Ashokrao Dhokar', 'Mr. Neville Rustom Tata H.S.C.', 'Mr. Hitesh Mahendrakumar Shah B.COM', 'Khurram  Abdulla', 'Mr. Amar Sudhakar Mayekar', 'Sandeep  Shah', 'Mr. Suhel  Kothari', 'Mr. Parag  Shah']"
RHIM,False,['Mr. Azim  Syed (matched Syed)'],"['Mr. Azim  Syed', 'Mr. Sanjay  Kumar', 'Mr. Pankaj  Malhan', 'Mr. Rudraraju Venkata Suryanarayana Raju', 'Mr. Manoj K. Gupta', 'Mr. Sanjeev  Bhardwaj', 'Mr. Purshottam  Dass', 'Mr. Jyotirmoy  Bhattacherjee', 'Mr. Bikash Kumar Nandi', 'Mr. Ravikumar  Periyasamy']"
RITES,False,['Mr. Ghalib Ahmed Jillani (matched Ahmed)'],"['Mr. Rahul  Mithal', 'Mr. Krishna Gopal Agarwal', 'Dr. Deepak  Tripathi', 'Mr. Rakesh Kumar Gupta', 'Mr. Nikhil  Agarwal', 'Mr. S.  Mohanty', 'Mr. Sandeep  Jain', 'Mr. Ghalib Ahmed Jillani', 'Rajesh  Kumar', 'Colonel Mahesh  Narayan']"
RKSWAMY,False,['Ms. Aparna Prashant Bhat (matched Bhat)'],"['Mr. Srinivasan K. Swamy', 'Mr. Narasimhan Krishna Swamy', 'Ms. Sangeetha  Narasimhan', 'Mr. Rajeev  Newar', 'Ms. Aparna Prashant Bhat', 'Ms. Veena  Danny', 'Mr. S.  Narasimhan', 'Mr. Sandeep  Sharma', 'Mr. K.  Paarthasarathy', 'Mr. Sunil  Kukreti']"
RPGLIFE,False,['Mr. Samir  Rane (matched Samir)'],"['Mr. Ashok  Nair', 'Mr. Amol Narayan Lone', 'Mr. Rajesh Ramesh Shirambekar', 'Mr. Samir  Rane', 'Ms. Sheetal  Gaba', 'Mr. Kartick C. Patra', 'Mr. Rajesh  Chopra', 'Mr. Milind  Gujar', 'Mr. Deepak  Shukla']"
RPTECH,False,"['Mr. Krishna Kumar Choudhary (matched Choudhary)', 'Mr. Keshav Krishna Kumar Choudhary (matched Choudhary)']","['Mr. Krishna Kumar Choudhary', 'Mr. Sureshkumar  Pansari', 'Mr. Kapal Suresh Pansari', 'Mr. Keshav Krishna Kumar Choudhary', 'Mr. Rajesh  Goenka', 'Mr. Himanshu Kumar Shah', 'Mr. Arvind Kumar Bajoria', 'Mr. Ashok  Goenka', 'Mr. Navin Omprakash Agarwal']"
RVNL,False,['Mr. Saleem  Ahmad (matched Saleem)'],"['Ms. Kalpana  Dubey', 'Ms. Anupam  Ban', 'Mr. Saleem  Ahmad', 'Mr. Chandan Kumar Verma', 'Mr. Mritunjay Pratap Singh', 'Mr. Ravi P. Garg', 'Dr. Monica  Agnihotri', 'Mr. S. K. Dhiman', 'Santosh Kumar Misra', 'Dharmendra Kumar Pandey']"
SANSERA,False,['Mr. Madhukar  Bhat (matched Bhat)'],"['Mr. Subramonia Sekhar Vasan', 'Mr. Bindiganavile Raghunath Preetham', 'Mr. Vikas  Goel', 'Mr. Rajesh Kumar Modi', 'Mr. Fatheraj R Singhvi', 'Mr. Amit  Gautam', 'Mr. Madhukar  Bhat', 'Mr. Praveen  Chauhan', 'Mr. S B Rakesh', 'Mr. Satish  Kumar']"
SARLAPOLY,False,['Mr. Mustafa Yusuf Manasawala C.S. (matched Mustafa)'],"['Mr. Krishnakumar Madhusudan Jhunjhunwala B.Com', 'Mr. Kayvanna Mahendra Shah', 'Ms. Neha Krishna Jhunjhunwala', 'Mr. Mustafa Yusuf Manasawala C.S.', 'Mr. Kanav Krishna Jhunjhunwala', 'Mr. Satish  Malsaria', 'Ms. Hema  Dangi', 'Mr. Varun  Narula', 'Ms. Vrinda Krishna Jhunjhunwala']"
SBCL,False,['Mr. Kabir  Ghumman (matched Kabir)'],"['Mr. Narinder Singh Ghumman', 'Mr. Kabir  Ghumman', 'Mr. Sumer  Ghumman', 'Mr. Rajeev  Ranjan', 'Mr. Mukesh Kumar Verma', 'Ms. Aarti  Sahni', 'Mr. Kanav  Anand']"
SBICARD,False,['Ms. Anu Choudhary Gupta (matched Choudhary)'],"['Ms. Rashmi  Mohanty', 'Mr. Pradeep K. Singh Khurana', 'Mr. Mohit  Kapoor', 'Mr. Girish  Budhiraja', 'Mr. Manish  Dewan', 'Mr. Vishal  Singh', 'Ms. Anu Choudhary Gupta', 'Ms. Nandini  Malhotra', 'Mr. Tarun  Sharma', 'Ms. Salila  Pande']"
SCHAEFFLER,False,['Mr. Sameer  Mathur (matched Sameer)'],"['Mr. Harsha Gopal Kadam', 'Ms. Hardevi Gordhandas Vazirani', 'Mr. Sameer  Mathur', 'Ms. Madhurisha  Vippatoori', 'Gauri  Kanikar', 'Mr. Ashish  Tiwari', 'Mr. Vijay  Chaudhury', 'Ms. Shibi  Mathew', 'Mr. Devkumar  Davesar', 'Mr. Seshan  Iyer']"
SCHNEIDER,False,['Mr. Roshan  Ouseph (matched Roshan)'],"['Mr. Udai  Singh', 'Mr. Jean-Pascal  Tricoire', 'Mr. Omkar  Prasad', 'Mr. Herve  Dujardin', 'Mr. Mohit  Agarwal', 'Mr. Sumit  Goel', 'Mr. P. P. Sreekanth', 'Mr. Manoj  Kumar', 'Mr. Gaurav  Mathur', 'Mr. Roshan  Ouseph']"
SHANTIGEAR,False,['Mr. A Sultan Ibrahim (matched Sultan)'],"['Mr. Muthusamy  Karunakaran', 'Mr. Sukanta Kumar Panigrahi', 'Mr. Walter  Vasanth PJ', 'Mr. Victor  Dharmaraj', 'Mr. A Sultan Ibrahim', 'Mr. Malliraj  S.', 'Mr. N. Saravana Prakash']"
SIGNPOST,False,['Mr. Syed Haseeb Arfath (matched Syed)'],"['Mr. Shripad Prahlad Ashtekar', 'Mr. Dipankar  Chatterjee', 'Mr. Rajesh Arvind Awasthi', 'Mr. Nalin Kumar Somani', 'Ms. Kinjal  Mistry', 'Ms. Swati  Sinha', 'Mr. Syed Haseeb Arfath']"
SJS,False,['Mr. Thabraz Hushain Wajid Ahmed (matched Ahmed)'],"['Mr. Sanjay  Thapar', 'Mr. Kannampadathil Abraham Joseph', 'Mr. Mahendra Kumar Naredi', 'Mr. Thabraz Hushain Wajid Ahmed', 'Mr. Kevin Kannampadathil Joseph', 'Mr. S.  Sivakumar', 'Mr. Ranjit Raghunath Nambiar', 'Mr. Mandeep  Singh', 'Ms. Devanshi  Dhruva', 'Mr. R.  Raju']"
SPMLINFRA,False,['Mr. Samir  Patel (matched Samir)'],"['Mr. Manoj Kumar Digga', 'Ms. Swati  Agarwal', 'Mr. Abhinandan  Sethi', 'Ashok  Bijalwan', 'Mr. Partha  Roy', 'Mr. Sumit  Bhattacharya', 'Mr. Malay Kanti Chakraborti', 'Mr. Samir  Patel', 'Mr. Sujit Kumar Jhunjhunwala', 'Mr. Arun  Agarwal']"
SRF,False,['Mr. Samir  Kashyap C.A. (matched Samir)'],"['Mr. Ashish Bharat Ram MBA', 'Mr. Kartik Bharat Ram MBA', 'Mr. Pramod Gopaldas Gujarathi', 'Mr. Sanjay  Rao', 'Ms. Geeta Shamrao Jadhav', 'Mr. Samir  Kashyap C.A.', 'Mr. Sunil  Gulpadia', 'Mr. Rajat  Lakhanpal', 'Ms. Nitika  Dhawan', 'Mr. Prashant  Yadav BE']"
SUNPHARMA,False,['Ms. Sana  Shaikh (matched Shaikh)'],"['Mr. Dilip Shantilal Shanghvi', 'Mr. Kirti Wardhaman Ganorkar', 'Mr. Aalok Dilip Shanghvi', 'Ms. Vidhi Dilip Shanghvi', 'Ms. Jayashree  Satagopan', 'Mr. Dheeraj Prasad Sinha BE', 'Dr. Abhishek  Sharma', 'Mr. Anoop  Deshpande', 'Mr. Kalyanasundaram  Subramanian', 'Ms. Sana  Shaikh']"
SUPERHOUSE,False,"['Mr. Mukhtarul  Amin (matched Amin)', 'Mr. Zafarul  Amin (matched Amin)', 'Mr. Salman  Hafeez (matched Salman)', 'Mr. Mohammad  Shadab (matched Mohammad)', 'Mr. Mohd. Iqbal Hussain (matched Mohd)', 'Mr. Haider  Jamal (matched Haider)']","['Mr. Mukhtarul  Amin', 'Mr. Zafarul  Amin', 'Mr. Krishan Dutt Misra', 'Mr. R. K. Agrawal', 'Mr. Salman  Hafeez', 'Mr. Mohammad  Shadab', 'Mr. Mohd. Iqbal Hussain', 'Mr. Haider  Jamal', 'Mr. Ratnesh  Dubey', 'Mr. Sanjeeb  Samal']"
TANFACIND,False,['Mr. Afzal Harunbhai Malkani (matched Afzal)'],"['Mr. Afzal Harunbhai Malkani', 'Mr. Hemango  Gupta', 'Mr. N. R. Ravichandran', 'Mr. Yogesh  Mittal', 'Mr. S.  Ilango', 'Mr. Vinod Kumar Srinivasan', 'Mr. Sramanraj  Jain', 'Mr. N.  Rajesh', 'Dr. L.  Ravichandran']"
TATACONSUM,False,['Mr. Furhan  Ahmed (matched Ahmed)'],"[""Mr. Sunil Alaric D'Souza"", 'Mr. Ajit Sukumar Krishna Kumar', 'Ms. Delnaz Dara Harda', 'Mr. Sivakumar  Sivasankaran', 'Mr. Punit  Gupta', 'Mr. Ashish  Goenka', 'Mr. S. K. Roychaudhuri', 'Ms. Nidhi  Verma', 'Mr. Rishi  Gautam', 'Mr. Furhan  Ahmed']"
TBOTEK,False,['Mr. Aarish  Khan (matched Khan)'],"['Mr. Ankush  Nijhawan', 'Mr. Gaurav  Bhatnagar', 'Mr. Akshat  Verma', 'Ms. Neera  Chandak', 'Mr. Pramendra  Tomar', 'Mr. Martin  Jones', 'Mr. Vikas  Jain', 'Mr. Shreshth  Mahajan', 'Mr. Aarish  Khan', 'Ms. Swati  Bansal']"
TCS,False,['Mr. Samir  Seksaria (matched Samir)'],"['Mr. K.  Krithivasan B.E, M.Tech.', 'Ms. Aarthi  Subramanian', 'Mr. Samir  Seksaria', 'Dr. Harrick  Vin', 'Janardhan  Santhanam', 'Mr. Madhav  Anchan', 'Mr. Yashaswin Narendra Sheth', 'Mr. Kinshuk  Gupta', 'Abhinav  Kumar', 'Mr. Sudeep  Kunnumal']"
TECHNOE,False,['Sheikh Anoar  Ali (matched Sheikh)'],"['Mr. Padam Prakash Gupta', 'Mr. Ankit  Saraiya', 'Mr. Sujoy  Ray', 'Mr. Pradeep Kumar Lohia', 'Mr. Deepak  Bafna', 'Ms. Shivani  Chandok', 'Mr. Niranjan  Brahma', 'Mr. Ajay  Khajuria', 'Sheikh Anoar  Ali', 'Mr. Asim Kumar Mitra']"
TEJASNET,False,['Mr. Sanjay  Malik (matched Malik)'],"['Mr. Arnob  Roy', 'Dr. Kumar N. Sivarajan', 'Mr. AVS  Prasad', 'Mr. Preetham  Uthaiah', 'Mr. Santosh  Kesavan', 'Mr. Anantha Narayana Murthy', 'Ms. Asha Ranjan Mathews', 'Mr. Rajiv K. Mahajan', 'Mr. Sanjay  Malik', 'Vivek  Shenoy']"
TEXINFRA,False,['Mr. Anish  Choudhury (matched Choudhury)'],"['Mr. Ganesh  Gupta', 'Mr. Gaurav  Agarwala', 'Mr. Anish  Choudhury', 'Raj Kumar Gambhir', 'Mittal  Manoj', 'Mukul  Aggarwal', 'Gupta  Diwakar', 'Mr. P.  Ramachandran', 'Mr. Asoke Kumar Sinha', 'Mr. Suhrid Ranjan Sinha']"
THERMAX,False,['Samina  Khalid (matched Khalid)'],"['Mr. Ashish  Bhandari', 'Mr. Rajendran  Arunachalam', 'Dr. Santanu  Chaudhuri', 'Dr. Amit  Sethi', 'Ms. Sangeet  Hunjan', 'Samina  Khalid', 'Ms. Kavita  Singh', 'Mr. B. C. Mahesh', 'Mr. Dinesh  Mandhana', 'Mr. Arun  Unni']"
THOMASCOTT,False,['Mr. Samir Kumar Samaddar (matched Samir)'],"['Mr. Brijgopal Balaram Bang', 'Mr. Samir Kumar Samaddar', 'Ms. Rashi Aditya Bang', 'Mr. Vedant Brijgopal Bang', 'Mr. Mansingh  Shekhawat', 'Mr. Samuel  Anjkili', 'Mr. Nilesh  Pomendkar', 'Mr. K.  Panda', 'Mr. Jitesh  Rathi', 'Mr. Pramod  Kakrania']"
TI,False,"['Mr. Rajesh  Choudhary (matched Choudhary)', 'Mr. Ahmed  Rahimtoola (matched Ahmed)']","['Mr. Amit A. Dahanukar B.E (Elec.), M.S(USA)', 'Ms. Shivani Amit Dahanukar', 'Mr. Chemangala Ramachar Ramesh', 'Mr. Rajesh  Choudhary', 'Ms. Hemangi Joshi Naik', 'Mr. Minuzeer Yazdi Bamboat', 'Mr. Ahmed  Rahimtoola', 'Mr. Nishant  Jain', 'Ms. Ina  Bajwa', 'Mr. Ashutosh  Sharma']"
TMPV,False,['Mr. Pramod  Choudhary (matched Choudhary)'],"['Mr. Shailesh  Chandra', 'Mr. Dhiman  Gupta', 'Mr. Maloy Kumar Gupta', 'Mr. Gopal Venkata Ramanan', 'Mr. Petkar M. Rajendra Be, M Tech', 'Mr. Rajesh  Kannan', 'Mr. Pramod  Choudhary', 'Mr. Sven  Patuschka', 'Ms. Namrata  Divekar', 'Mr. Sudeep  Bhalla']"
TORNTPHARM,False,['Mr. Abdullah Salam Said Al Abri (matched Abdullah)'],"['Mr. Aman  Mehta', 'Mr. Sudhir  Menon CA, CWA', 'Mr. Ashish  Hajarnish M.Pharm', 'Ms. Geena V. Malhotra', 'Mr. Chintan M. Trivedi', 'Mr. Abdullah Salam Said Al Abri', 'Mr. Sanjay  Gupta']"
TRF,False,['Farooq  Basha (matched Farooq)'],"['Mr. Umesh Kumar Singh', 'Mr. Animesh  Upadhyay', 'Mr. Anil Kumar Singh', 'Mr. Manoranjan  Chakra', 'Mr. Avishek  Ghosh', 'Rajen  Sahay', 'Mr. Abhijeet  Singh', 'Vinod Kumar Singh', 'Farooq  Basha', 'Nripendra Nath Brian']"
UFBL,False,"['Mr. Ahmed Raza Sayed (matched Ahmed)', 'Mr. Mansoor Mohmed Ismail Memon (matched Mansoor)']","['Mr. Rahul  Agrawal', 'Mr. Kayum Razak Dhanani', 'Mr. Amit V. Betala', 'Mr. Vipul  Goel', 'Mr. Ahmed Raza Sayed', 'Mr. Bijay  Sharma', 'Ms. C. Y. Nagamani', 'Mr. Nakul Kumar Gupta', 'Mr. Gulshan Kumar Chawla', 'Mr. Mansoor Mohmed Ismail Memon']"
VAIBHAVGBL,False,['Mr. Mohammed  Farooq (matched Mohammed)'],"['Mr. Sunil  Agrawal', 'Mr. Nitin  Panwad', 'Mr. Yashasvi  Pareek', 'Mr. Mohammed  Farooq', 'Mr. Prashant  Saraswat', 'Mr. Sabaresh  Kumar', 'Mr. Deepak  Mishra', 'Mr. Aswini  Agarwal', 'Mr. Raghuveer  Patnala', 'Mr. Vineet  Ganeriwala']"
VENUSPIPES,False,"['Mr. Megharam Sagramji Choudhary (matched Choudhary)', 'Mr. Jayantiram Motiram Choudhary (matched Choudhary)']","['Mr. Arun Axaykumar Kothari', 'Mr. Kunal  Bubna', 'Mr. Pavan Kumar Jain C.S.', 'Mr. Megharam Sagramji Choudhary', 'Mr. Jayantiram Motiram Choudhary', 'Mr. Dhruv Mahendrakumar Patel', 'Mr. Kumar Shishir C. Sinha', 'Mr. Bharat Kumar Prajapati', 'Mr. Neelanjan Dev Bharadwaj']"
VERANDA,False,['Mr. Saurani Pathan Mohasin Khan (matched Khan)'],"['Mr. Kalpathi Subramanian Suresh', 'Mr. Saurani Pathan Mohasin Khan', 'Mr. Swaminadhan  Balasundharam', 'Mr. Jitendra Kantilal Shah', 'Mr. Pravin  Menon', 'Mr. Vivek  Sapre', 'Mr. Praveen Kumar Koorapati', 'Mr. Rajesh  Pankajakshan', 'Mr. Bharath  Seeman', 'Mr. Sreedhar  Muppala']"
VESUVIUS,False,['Mr. Saheb  Ali (matched Ali)'],"['Mr. Mohinder Pradip Singh Rajput', 'Mr. Neeraj Kumar Jumrani', 'Mr. Tarun Kanti Basu BE, MBA', 'Mr. Subrata  Roy BE', 'Mr. Saheb  Ali', 'Mr. Kartikaye  Krishna', 'Mr. Shashi  Kumar', 'Mr. Rohit  Khandelwal', 'P. K. Banerjee', 'Mr. Ashish  Mukherjee']"
VIKRAMSOLR,False,['Mr. Sameer  Nagpal (matched Sameer)'],"['Mr. Gyanesh  Chaudhary', 'Mr. Sameer  Nagpal', 'Mr. Ranjan Kumar Jindal', 'Mr. Krishna Kumar Maskara', 'Ms. Neha  Agrawal', 'Mr. Sumit  Kumar', 'Mr. Sudipta  Bhowal', 'Mr. Kunal  Motwani', 'Mr. Ravindra Kumar Goyal', 'Mr. Biresh Ranjan Das']"
VIPIND,False,['Mr. Sameer  Wanchoo (matched Sameer)'],"['Mr. Atul  Jain', 'Mr. Rahul  Poddar', 'Mr. Sameer  Wanchoo', 'Mr. Ashish Kumar Saha', 'Mr. Alok  Pathak', 'Mr. Akash  Shukla', 'Mr. Anjan  Mohanty', 'Mr. Manish  Vig', 'Mr. Vasant  Dewaji']"
VMM,False,['Mr. Samir  Agrawal (matched Samir)'],"['Mr. Gunender  Kapur', 'Mr. Amit  Gupta', 'Mr. Manoj  Kumar', 'Mr. Karthik  Kuppusamy', 'Mr. Rahul  Luthra', 'Mr. Sambit  Swain', 'Mr. Dhruva Kumar Dubey', 'Mr. Kuldeep  Sharma', 'Ms. Anne Martine Marie Puvis Cardinali', 'Mr. Samir  Agrawal']"
VOEPL,False,['Mr. Sajid Salauddin Shaikh (matched Sajid)'],"['Mr. Sukrit  Bharati', 'Mr. Abhinav  Mahajan', 'Mr. Sajid Salauddin Shaikh', 'Nitin  Shewale', 'Mr. Prasad D. Zinjurde']"
VRLLOG,False,['Mr. Laxminarayan Ramanand Bhat D.M.E (matched Bhat)'],"['Dr. Vijay Basavanneppa Sankeshwar B.Com.', 'Dr. Anand Vijay Sankeshwar B.Com.', 'Mr. Sunil  Nalavadi A.C.A., B.Com.', 'Mr. Raghavendra B. Malgi B.Com., C.A., L.L.B.', 'Mr. Laxminarayan Ramanand Bhat D.M.E', 'Mr. Aniruddha Anil Phadnavis A.C.A., A.C.S., B.Com., L.L.B.', 'Mr. Druvaraj N. Kulkarni', 'Mr. Bapu U. Makkannavar B.E.', 'Mr. Praveen Nageshwarprasad Singh', 'Ms. Vani  Sankeshwar']"
WENDT,False,['Mr. Vipin  Malik (matched Malik)'],"['Mr. Amit  Ingale', 'Mr. Mukesh Kumar Hamirwasia', 'Mr. P.  Rathinam', 'V. S. Margabandu', 'Mr. Arjun  Raj P', 'Mr. Vipin  Malik', 'Mr. R. B. Uday', 'Mr. R.  Thiyagarajan', 'Mr. S. C. Sanjaya', 'Mr. Praveen  Jaduvanshi']"
WINDLAS,False,['Mr. Mohammed  Aslam (matched Mohammed)'],"['Ms. Komal  Gupta', 'Mr. Ananta Narayan Panda', 'Mr. Ashok Kumar Windlass', 'Mr. Hitesh  Windlass', 'Mr. Manoj Kumar Windlass', 'Mr. Pawan Kumar Sharma', 'Mr. Mohammed  Aslam', 'Mr. Om Prakash Sule']"
WIPRO,False,['Mr. Mohammed Sanaulla Khan (matched Mohammed)'],"['Mr. Rishad Azim Hasham Premji Jr.', 'Mr. Srinivas  Pallia', 'Ms. Aparna C. Iyer', 'Mr. Mohammed Sanaulla Khan', 'Mr. Saurabh  Govil', 'Mr. Nagendra P. Bandaru', 'Mr. Jasjit Singh Kang', 'Mr. Malay  Joshi', 'Mr. Sanjeev  Jain', 'Mr. Omkar Bhalchandra Nisal']"
WONDERLA,False,['Mr. Dheeran Singh Choudhary (matched Choudhary)'],"['Mr. Arun Kochouseph Chittilappilly', 'Mr. Saji K. Louiz', 'Mr. Dheeran Singh Choudhary', 'Mr. Srinivasulu Raju Yellamraju', 'Mr. M.  Sivadas', 'Mr. P. R. Unni', 'Mr. A. G. Ajikrishnan', 'Mr. Kalpataru  Nayak', 'Mr. Nithish  K U', 'Ms. Raksha  Sriram']"
YATRA,False,['Mr. Manish  Amin (matched Amin)'],"['Mr. Dhruv  Shringi', 'Mr. Manish  Amin', 'Mr. Siddhartha  Gupta', 'Ms. Sabina  Chopra', 'Mr. Anuj Kumar Sethi', 'Ms. Jyoti  Chawla']"
ZUARI,False,['Mr. Manish  Malik (matched Malik)'],"['Mr. Nitin Manguesh Kantak', 'Mr. Manish  Malik', 'Ms. Asheeba  Pereira']"
ANGELONE,False,['Ms. Naheed Rehan Patel (matched Naheed - high_conf Muslim)'],"['Mr. Dinesh Dariyanumal Thakkar', 'Mr. Ambarish  Kenghe', 'Mr. Vineet  Agrawal', 'Mr. Amit Pranab Kumar Majumdar', 'Ms. Naheed Rehan Patel', 'Mr. Bhavin B. Parekh', 'Mr. Ajit  Narayanan', 'Mr. Hitul  Gutka', 'Mr. Manoj  Agarwal', 'Mr. Ajit  Sinha']"
BALUFORGE,False,['Ms. Tabassum  Begum (matched Tabassum - high_conf Muslim)'],"['Mr. Jaspalsingh Prehladsingh Chandock', 'Ms. Tabassum  Begum', 'Mr. Jaikaran Jaspalsingh Chandock', 'Mr. Trimaan Jaspalsingh Chandock', 'Mr. Sandeep Singh Chadha', 'Mr. Sadik Aman Patel']"
DIVGIITTS,False,['Mr. Zubair  Kachi (matched Zubair - high_conf Muslim)'],"['Mr. Jitendra Bhaskar Divgi', 'Mr. Sudhir Shridhar Mirjankar', 'Mr. Dipak Annasaheb Vani', 'Mr. Hirendra Bhaskar Divgi', 'Mr. Kishor  Hole', 'Mr. Aniket Arun Kokane', 'Mr. Zubair  Kachi', 'Mr. Gopal Krishna Dalvi', 'Mr. Prasannakumar Bhaskarrao Deshpande', 'Mr. Nilesh  Shukla']"
HERANBA,False,['Mr. Murad  Shemle (matched Murad - high_conf Muslim)'],"['Mr. Sadashiv Kanyana Shetty', 'Mr. Raghuram Kanyan Shetty', 'Mr. Raunak Raghuram Shetty', 'Mr. Shriraj S. Shetty', 'Mr. Pravin Babu Shetty', 'Mr. S. D. Namjoshi', 'Mr. Murad  Shemle', 'Mr. Satish  Tiwari', 'Mr. Hemant  Gad', 'Dr. Sunil Kumar-Ramashrya Singh M.Sc. Ph.D.']"
KCP,False,['Mr. Anis Tyebali Hyderi (matched Anis - high_conf Muslim)'],"['Dr. Velagapudi Lakshmana Indira Dutt B.A.', 'Ms. Velagapudi Kavitha-Dutt Chitturi', 'Mr. Anis Tyebali Hyderi', 'Mr. Ravi Kumar Chitturi', 'Mr. Y. Vijaya Kumar', 'Mr. K.  Ramakrishna B.Sc.', 'Mr. Mahesh S. Swaminathan', 'Mr. Roop Singh Chaudhary', 'Mr. M. Narayana Rao', 'Mr. V. Madhusudana Rao']"
LOTUSDEV,False,"['Mr. Kamal  Dalia (matched Kamal - ambiguous, web search not_found_needs_manual -> fail-safe exclude)']","['Mr. Anand Kamalnayan Pandit', 'Mr. Sanjay Kumar Jain', 'Mr. Rakesh Kailash Gupta', 'Mr. Ankit Kumar Tater', 'Mr. Paarth Deepak Chheda', 'Ms. Ashka Anand Pandit', 'Ms. Pallavi  Vishwasrao', 'Mr. Kamal  Dalia', 'Mr. Yogesh  Shah', 'Mr. Nirav  Chandan']"
NEPHROPLUS,False,"['Mr. Kamal D. Shah (matched Kamal - ambiguous, web search not_found_needs_manual -> fail-safe exclude)']","['Mr. Vikram  Vuppala', 'Mr. Rohit  Singh', 'Mr. Prashant Vinodkumar Goenka', 'Mr. Kishore  Kathri', 'Mr. Sandeep  Gudibanda', 'Mr. Kamal D. Shah', 'Mr. Sukaran Singh Saluja', 'Dr. Suresh  Sankar', 'Mr. Pavanesh  Tiwari']"
POONAWALLA,False,['Ms. Shabnum  Zaman (matched Shabnum - high_conf Muslim)'],"['Mr. Arvind  Kapil', 'Mr. Sanjay Kumar Miranka', 'Mr. Vikas  Pandey', 'Mr. Sunil  Samdani', 'Ms. Shabnum  Zaman', 'Mr. Vadakke Madathil Maneesh Kumar', 'Mr. Salil  Hajarnis', 'Mr. Manish  Verma', 'Mr. Bholananda  Behera', 'Mr. Siddhartha  Gupta']"
REFEX,False,['Mr. Suhail  Shariff (matched Suhail - high_conf Muslim)'],"['Mr. T. Anil Jain', 'Mr. Dinesh Kumar Agarwal B.Com., F.C.A.', 'Mr. Sonal  Jain', 'Mr. Sahil  Singla', 'Mr. Srivaths  Varadharajan', 'Mr. Suhail  Shariff', 'Mr. Gautam  Jain', 'Mr. Ankit  Poddar', 'Ms. Harini  Sriraman', 'Ms. Srividya  Nirmalkumar']"
TEMBO,False,"['Ms. Fatema Shabhir Kachwala (matched Fatema - high_conf Muslim)', 'Ms. Reshma  Jalal (matched Jalal - high_conf Muslim)']","['Mr. Sanjay Jashbhai Patel', 'Ms. Fatema Shabhir Kachwala', 'Ms. Reshma  Jalal', 'Mr. Kiran Subhash Mukadam', 'Ms. Nikita Rajan Iyer']"
TVTODAY,False,['Mr. Rehan  Kidwai (matched Rehan - high_conf Muslim)'],"['Mr. Aroon  Purie', 'Ms. Kalli Purie Bhandal', 'Mr. Dinesh  Bhatia', 'Mr. Supriya  Prasad PGDP', 'Mr. Yatender Kumar Tyagi', 'Mr. Rehan  Kidwai', 'Mr. Ashish  Sabharwal', 'Mr. Vivek  Malhotra', 'Mr. Navendu  Shekhar', 'Mr. Sahil  Joshi']"
WOCKPHARMA,False,"['Dr. Habil Fakhruddin Khorakiwala (matched Habil - high_conf Muslim)', 'Dr. Murtaza Habil Khorakiwala (matched Murtaza - high_conf Muslim)', 'Dr. Huzaifa Habil Khorakiwala (matched Huzaifa - high_conf Muslim)']","['Dr. Habil Fakhruddin Khorakiwala', 'Dr. Murtaza Habil Khorakiwala', 'Dr. Sachin  Bhagwat', 'Dr. Huzaifa Habil Khorakiwala', 'Mr. Deepak R. Madnani', 'Ms. Rashmi Dinesh Mamtura', 'Ms. Debolina  Partap', 'Mr. Satej  Mehta', 'Mr. Anil V. Kamath AMRSH (Lon.), BCom (Hons), MBIM (Lon.), MIMA', 'Mr. Zoher T. Sihorwala']"
