symbol,non_muslim_board
20MICRONS,True
360ONE,True
3BBLACKBIO,True
63MOONS,True
AARON,True
AARTIDRUGS,True
AARTIIND,True
AARTIPHARM,True
AARTISURF,True
AARVI,True
ABB,True
ABBOTINDIA,True
ABCOTS,True
ABREL,True
ABSLAMC,True
ACC,True
ACE,True
ACI,True
ACMESOLAR,True
ACUTAAS,True
ADANIENSOL,True
ADANIENT,True
ADANIGREEN,True
ADANIPORTS,True
ADANIPOWER,True
ADFFOODS,True
ADOR,True
ADVAIT,True
ADVENTHTL,True
ADVENZYMES,True
AEGISVOPAK,True
AEROPLANE,True
AFCONS,True
AGARIND,True
AGARWALEYE,True
AGI,True
AGIIL,True
AHLUCONT,True
AIAENG,True
AJANTPHARM,True
AJAXENGG,True
AJMERA,True
ALICON,True
ALKEM,True
ALKYLAMINE,True
ALLTIME,True
ALPHAGEO,True
AMAGI,True
AMBER,True
AMBIKCO,True
AMBUJACEM,True
AMNPLST,True
AMRUTANJAN,True
ANANDRATHI,True
ANANTRAJ,True
ANUP,True
ANURAS,True
APARINDS,True
APCOTEXIND,True
APEX,True
APLAPOLLO,True
APOLLO,True
APOLLOHOSP,True
APOLLOTYRE,True
ARIHANTSUP,True
ARIS,True
ARKADE,True
ARVIND,True
ARVINDFASN,True
ARVSMART,True
ASAL,True
ASHAPURMIN,True
ASHIANA,True
ASHIKAG,True
ASHOKA,True
ASHOKLEY,True
ASIANENE,True
ASIANHOTNR,True
ASKAUTOLTD,True
ASMTEC,True
ASTEC,True
ASTRAL,True
ASTRAMICRO,True
ATGL,True
ATHERENERG,True
ATLANTAELE,True
ATUL,True
ATULAUTO,True
AURIONPRO,True
AUROPHARMA,True
AVALON,True
AVANTEL,True
AVANTIFEED,True
AVL,True
AWFIS,True
AWHCL,True
AWL,True
AXISCADES,True
AZAD,True
BAJAJ-AUTO,True
BAJAJCON,True
BAJAJELEC,True
BAJAJHCARE,True
BAJAJINDEF,True
BAJAJST,True
BAJEL,True
BALKRISIND,True
BALMLAWRIE,True
BALRAMCHIN,True
BANARBEADS,True
BANCOINDIA,True
BANSALWIRE,True
BANSWRAS,True
BATAINDIA,True
BAYERCROP,True
BBL,True
BBOX,True
BBTC,True
BCONCEPTS,True
BDL,True
BECTORFOOD,True
BEL,True
BELLACASA,True
BELRISE,True
BEPL,True
BERGEPAINT,True
BETA,True
BFUTILITIE,True
BHAGCHEM,True
BHARATFORG,True
BHARATSE,True
BHARATWIRE,True
BHARTIARTL,True
BHARTIHEXA,True
BHEL,True
BIKAJI,True
BIOCON,True
BIRLAMONEY,True
BLAL,True
BLS,True
BLSE,True
BLUEDART,True
BLUEJET,True
BLUESTARCO,True
BLUESTONE,True
BLUSPRING,True
BOMDYEING,True
BORANA,True
BOROLTD,True
BORORENEW,True
BOROSCI,True
BOSCH-HCIL,True
BOSCHLTD,True
BPCL,True
BRITANNIA,True
BSOFT,True
BUILDPRO,True
BUTTERFLY,True
CAMLINFINE,True
CAMPUS,True
CANFINHOME,True
CANTABIL,True
CAPACITE,True
CAPILLARY,True
CAPLIPOINT,True
CARBORUNIV,True
CARERATING,True
CARRARO,True
CARYSIL,True
CASTROLIND,True
CCL,True
CDSL,True
CEATLTD,True
CEIGALL,True
CEINSYS,True
CELLO,True
CEMPRO,True
CENTENKA,True
CENTUM,True
CENTURYPLY,True
CESC,True
CEWATER,True
CGPOWER,True
CHALET,True
CHAMBLFERT,True
CHEMPLASTS,True
CHENNPETRO,True
CHOICEIN,True
CIEINDIA,True
CIPLA,True
CLEAN,True
CLEANMAX,True
CLSEL,True
CMLL,True
CMPDI,True
CMRGREEN,True
CMSINFO,True
CNL,True
COCHINSHIP,True
COFORGE,True
COHANCE,True
COLPAL,True
CONCOR,True
CONCORDBIO,True
CONTROLPR,True
COROMANDEL,True
CORONA,True
COSMOFIRST,True
CPEDU,True
CPPLUS,True
CRAFTSMAN,True
CRAMC,True
CRISIL,True
CROMPTON,True
CSM,True
CUMMINSIND,True
CUPID,True
CYIENT,True
DALBHARAT,True
DALMIASUG,True
DATAMATICS,True
DATAPATTNS,True
DBCORP,True
DBL,True
DBOL,True
DCAL,True
DCI,True
DCMSHRIRAM,True
DCXINDIA,True
DDEVPLSTIK,True
DECCANCE,True
DECNGOLD,True
DEEPAKFERT,True
DEEPAKNTR,True
DEEPINDS,True
DELHIVERY,True
DENTA,True
DEVYANI,True
DHAMPURSUG,True
DHANUKA,True
DHARMAJ,True
DIAMONDYD,True
DIFFNKG,True
DIXON,True
DJML,True
DLF,True
DLINKINDIA,True
DMART,True
DMCC,True
DODLA,True
DOLLAR,True
DOLPHIN,True
DOMS,True
DPABHUSHAN,True
DREDGECORP,True
DRREDDY,True
DSSL,True
DVL,True
DYCL,True
DYNAMATECH,True
DYNPRO,True
EBGNG,True
EFCIL,True
EICHERMOT,True
EIEL,True
EIHAHOTELS,True
EIHOTEL,True
EIMCOELECO,True
EKC,True
ELECON,True
ELECTHERM,True
ELGIEQUIP,True
ELIN,True
ELLEN,True
EMAMILTD,True
EMIL,True
EMMVEE,True
EMSLIMITED,True
EMUDHRA,True
ENDURANCE,True
ENGINERSIN,True
ENIL,True
ENRIN,True
ENTERO,True
EPACKPEB,True
EPIGRAL,True
EPL,True
ERIS,True
ESCORTS,True
ETHOSLTD,True
EUROPRATIK,True
EVEREADY,True
EXICOM,True
EXPLEOSOL,True
FACT,True
FIEMIND,True
FINCABLES,True
FINEORG,True
FINPIPE,True
FIRSTCRY,True
FLAIR,True
FLUOROCHEM,True
FORCEMOT,True
FORTIS,True
FRACTAL,True
FRONTSP,True
FSL,True
GABRIEL,True
GAEL,True
GAIL,True
GALAPREC,True
GALAXYSURF,True
GALLANTT,True
GANECOS,True
GANESHCP,True
GANESHHOU,True
GARUDA,True
GCSL,True
GEMAROMA,True
GENUSPOWER,True
GESHIP,True
GHCL,True
GHCLTEXTIL,True
GILLETTE,True
GIPCL,True
GKENERGY,True
GKSL,True
GLAND,True
GLOBAL,True
GLOBALVECT,True
GMDCLTD,True
GMMPFAUDLR,True
GNA,True
GNFC,True
GOACARBON,True
GOCLCORP,True
GOCOLORS,True
GODFRYPHLP,True
GODREJAGRO,True
GODREJCP,True
GODREJIND,True
GODREJPROP,True
GOKEX,True
GOKULAGRO,True
GOLDIAM,True
GOODLUCK,True
GOODYEAR,True
GOPAL,True
GPIL,True
GPPL,True
GPTHEALTH,True
GPTINFRA,True
GRANULES,True
GRAPHITE,True
GRASIM,True
GRAVITA,True
GREAVESCOT,True
GREENLAM,True
GREENPANEL,True
GREENPLY,True
GRINDWELL,True
GRINFRA,True
GRSE,True
GRWRHITECH,True
GSFC,True
GSPCROP,True
GUFICBIO,True
GUJENERGY,True
GUJTHEM,True
GULFOILLUB,True
GULPOLY,True
GVPIL,True
GVT&D,True
HAL,True
HALDER,True
HAPPSTMNDS,True
HAPPYFORGE,True
HARIOMPIPE,True
HARRMALAYA,True
HARSHA,True
HATSUN,True
HAVELLS,True
HBLENGINE,True
HCG,True
HCLTECH,True
HDFCAMC,True
HEALTHX,True
HECPROJECT,True
HEG,True
HEIDELBERG,True
HEMIPROP,True
HERITGFOOD,True
HEROMOTOCO,True
HESTERBIO,True
HEXT,True
HGINFRA,True
HINDCOPPER,True
HINDOILEXP,True
HINDPETRO,True
HINDUNILVR,True
HINDZINC,True
HIRECT,True
HLEGLAS,True
HMVL,True
HONASA,True
HPL,True
HUBTOWN,True
HUDCO,True
HUHTAMAKI,True
HYUNDAI,True
ICEMAKE,True
ICICIAMC,True
ICIL,True
IEX,True
IFBIND,True
IFGLEXPOR,True
IGARASHI,True
IGIL,True
IGL,True
IGPL,True
IKIO,True
IKS,True
IMFA,True
INA,True
INDGN,True
INDHOTEL,True
INDIACEM,True
INDIAGLYCO,True
INDIAMART,True
INDIANHUME,True
INDIGOPNTS,True
INDIQUBE,True
INDNIPPON,True
INDOBORAX,True
INDOCO,True
INDOFARM,True
INDOMIM,True
INDOTHAI,True
INDRAMEDCO,True
INDSWFTLAB,True
INDUSTOWER,True
INFOBEAN,True
INFY,True
INGERRAND,True
INNOVACAP,True
INOXINDIA,True
INSECTICID,True
INTERARCH,True
IOC,True
IOLCP,True
IONEXCHANG,True
IPCALAB,True
IPL,True
IRCTC,True
IREDA,True
IRIS,True
IRMENERGY,True
ITDC,True
ITI,True
IVALUE,True
IXIGO,True
IZMO,True
JAGSNPHARM,True
JAICORPLTD,True
JAINREC,True
JAMNAAUTO,True
JARO,True
JASH,True
JAYAGROGN,True
JAYBARMARU,True
JAYKAY,True
JBMA,True
JGCHEM,True
JINDALPHOT,True
JINDALPOLY,True
JINDALSAW,True
JINDALSTEL,True
JINDRILL,True
JITFINFRA,True
JKCEMENT,True
JKIL,True
JKLAKSHMI,True
JKPAPER,True
JKTYRE,True
JLHL,True
JNKINDIA,True
JSL,True
JSLL,True
JSWENERGY,True
JSWINFRA,True
JSWSTEEL,True
JTEKTINDIA,True
JUBLINGREA,True
JUBLPHARMA,True
JUNIPER,True
JUSTDIAL,True
JYOTHYLAB,True
JYOTICNC,True
KAJARIACER,True
KALPATARU,True
KALYANKJIL,True
KAMATHOTEL,True
KANPRPLA,True
KANSAINER,True
KAPSTON,True
KAYA,True
KDDL,True
KEC,True
KEI,True
KENNAMET,True
KERNEX,True
KIMS,True
KIOCL,True
KIRIINDUS,True
KIRLFER,True
KIRLOSBROS,True
KIRLOSENG,True
KIRLOSIND,True
KIRLPNU,True
KISSHT,True
KITEX,True
KKCL,True
KMCSHIL,True
KMEW,True
KNACK,True
KNRCON,True
KOLTEPATIL,True
KOTHARIPET,True
KPIL,True
KPITTECH,True
KPL,True
KPRMILL,True
KRBL,True
KRISHANA,True
KRISHIVAL,True
KROSS,True
KRSNAA,True
KRYSTAL,True
KSB,True
KSCL,True
KSHINTL,True
KSL,True
KSOLVES,True
KUSUMGAR,True
LALPATHLAB,True
LAMBODHARA,True
LANDMARK,True
LASERPOWER,True
LATENTVIEW,True
LAURUSLABS,True
LCL,True
LEMONTREE,True
LENSKART,True
LGBBROSLTD,True
LGEINDIA,True
LGHL,True
LIBERTSHOE,True
LIKHITHA,True
LINC,True
LINCOLN,True
LINDEINDIA,True
LODHA,True
LORDSCHLO,True
LOTUSEYE,True
LT,True
LTFOODS,True
LTM,True
LUMAXIND,True
LUMAXTECH,True
LUXIND,True
LXCHEM,True
M&M,True
MAANALU,True
MACPOWER,True
MAGADSUGAR,True
MAHEPC,True
MAHLIFE,True
MAHLOG,True
MAHSEAMLES,True
MAITHANALL,True
MAJESAUT,True
MAMATA,True
MANAKCOAT,True
MANGLMCEM,True
MANINDS,True
MANKIND,True
MANOMAY,True
MANORAMA,True
MARATHON,True
MARINE,True
MARKOLINES,True
MARSONS,True
MARUTI,True
MASTEK,True
MATRIMONY,True
MAXESTATES,True
MAYURUNIQ,True
MAZDOCK,True
MBAPL,True
MBEL,True
MCX,True
MEDANTA,True
MEDIASSIST,True
MEDPLUS,True
MEESHO,True
MEGASTAR,True
MEIL,True
MGL,True
MIDHANI,True
MIDWESTLTD,True
MIIL,True
MINDACORP,True
MMFL,True
MMP,True
MOBIKWIK,True
MODIS,True
MOLDTECH,True
MOLDTKPAC,True
MONTECARLO,True
MOSCHIP,True
MOTHERSON,True
MPHASIS,True
MPSLTD,True
MRPL,True
MSTCLTD,True
MUKANDLTD,True
MUNJALAU,True
MUNJALSHOW,True
MVGJL,True
NACLIND,True
NAHARPOLY,True
NATCAPSUQ,True
NATCOPHARM,True
NATHBIOGEN,True
NATIONALUM,True
NATIONSTD,True
NAUKRI,True
NAVA,True
NAVINFLUOR,True
NAVKARCORP,True
NAVNETEDUL,True
NAZARA,True
NCC,True
NCLIND,True
NDLVENTURE,True
NDRAUTO,True
NELCAST,True
NELCO,True
NEOGEN,True
NESCO,True
NETWEB,True
NEULANDLAB,True
NEWGEN,True
NH,True
NIBE,True
NIITMTS,True
NILKAMAL,True
NITCO,True
NITINSPIN,True
NITTAGELA,True
NOCIL,True
NOVARTIND,True
NPST,True
NRAIL,True
NRBBEARING,True
NSDL,True
NTPC,True
NURECA,True
NUVOCO,True
NYKAA,True
OAL,True
OBEROIRLTY,True
OIL,True
OLECTRA,True
OMNI,True
OMPOWER,True
ONESOURCE,True
ONGC,True
ONWARDTEC,True
OPTIEMUS,True
ORCHPHARMA,True
ORIENTCEM,True
ORIENTELEC,True
ORIENTHOT,True
ORISSAMINE,True
ORKLAINDIA,True
OSWALPUMPS,True
PAGEIND,True
PANSARI,True
PARADEEP,True
PARAGMILK,True
PARKHOSPS,True
PARKHOTELS,True
PATELRMART,True
PAUSHAKLTD,True
PAYTM,True
PCBL,True
PERSISTENT,True
PETRONET,True
PFIZER,True
PFOCUS,True
PGEL,True
PGHH,True
PGHL,True
PGIL,True
PHOENIXLTD,True
PICCADIL,True
PIDILITIND,True
PIGL,True
PIIND,True
PITTIENG,True
PIXTRANS,True
PLASTIBLEN,True
PLATIND,True
PNCINFRA,True
PNGJL,True
PNGSREVA,True
POCL,True
POKARNA,True
POLYCAB,True
POLYMED,True
POLYPLEX,True
PONNIERODE,True
POWERGRID,True
POWERMECH,True
PPLPHARMA,True
PRABHA,True
PRAJIND,True
PRAKASH,True
PRAVEG,True
PRECAM,True
PRECWIRE,True
PREMEXPLN,True
PREMIERENE,True
PRICOLLTD,True
PRIMEFRESH,True
PRIMESECU,True
PRINCEPIPE,True
PRIVISCL,True
PROSTARM,True
PROTEAN,True
PRSMJOHNSN,True
PRUDENT,True
PSPPROJECT,True
PTCIL,True
PUNJABCHEM,True
PURVA,True
PVRINOX,True
PVSL,True
PWL,True
PYRAMID,True
QMSMEDI,True
QUADFUTURE,True
QUESS,True
RACLGEAR,True
RADICO,True
RAILTEL,True
RAIN,True
RAINBOW,True
RAJRATAN,True
RALLIS,True
RAMAPHO,True
RAMBHAJO,True
RAMCOCEM,True
RAMCOIND,True
RAMCOSYS,True
RAMKY,True
RANEHOLDIN,True
RATEGAIN,True
RATNAMANI,True
RATNAVEER,True
RAYMOND,True
RAYMONDLSL,True
RAYMONDREL,True
RBZJEWEL,True
REDINGTON,True
RELAXO,True
RELIABLE,True
RELIANCE,True
RELTD,True
RESPONIND,True
RHL,True
RICOAUTO,True
RIIL,True
RIR,True
RISHABH,True
RITCO,True
RKFORGE,True
RMC,True
RML,True
ROHLTD,True
ROLEXRINGS,True
ROSSARI,True
ROUTE,True
RPEL,True
RPSGVENT,True
RRKABEL,True
RSL,True
RSYSTEMS,True
RUBICON,True
RUCHIRA,True
RUPA,True
RUSTOMJEE,True
SAATVIKGL,True
SAFARI,True
SAGCEM,True
SAIL,True
SAILIFE,True
SAIPARENT,True
SAKAR,True
SAKSOFT,True
SALZERELEC,True
SAMBHV,True
SAMHI,True
SANATHAN,True
SANDHAR,True
SANDUMA,True
SANGAMIND,True
SANGHVIMOV,True
SANOFI,True
SANOFICONR,True
SANSTAR,True
SAPPHIRE,True
SARDAEN,True
SAREGAMA,True
SASKEN,True
SBIFUNDS,True
SCHAND,True
SCI,True
SCODATUBES,True
SCPL,True
SEAMECLTD,True
SEDEMAC,True
SEIL,True
SELECTRIC,True
SENCO,True
SENORES,True
SESHAPAPER,True
SETL,True
SFL,True
SGMART,True
SHADOWFAX,True
SHAILY,True
SHAKTIPUMP,True
SHALBY,True
SHANKARA,True
SHANTIGOLD,True
SHARDACROP,True
SHARDAMOTR,True
SHAREINDIA,True
SHILCTECH,True
SHILPAMED,True
SHINDL,True
SHIVAUM,True
SHK,True
SHOPERSTOP,True
SHREECEM,True
SHREEJISPG,True
SHREEPUSHK,True
SHRINGARMS,True
SHRIPISTON,True
SHYAMMETL,True
SIEMENS,True
SIGNATURE,True
SIKA,True
SILVERTUC,True
SIMPLEXINF,True
SIRCA,True
SIS,True
SIYSIL,True
SKFINDIA,True
SKFINDUS,True
SKIPPER,True
SKMEGGPROD,True
SKYGOLD,True
SMARTWORKS,True
SMLMAH,True
SMSPHARMA,True
SOBHA,True
SOLARA,True
SOLARINDS,True
SOLARWORLD,True
SOLEX,True
SOMANYCERA,True
SONACOMS,True
SONATSOFTW,True
SOTL,True
SOUTHWEST,True
SPAL,True
SPARC,True
SPECIALITY,True
SPECTRUM,True
SPLPETRO,True
SPORTKING,True
SREEL,True
SRM,True
SSWL,True
STALLION,True
STANLEY,True
STAR,True
STARCEMENT,True
STARPAPER,True
STCINDIA,True
STEELCAS,True
STOVEKRAFT,True
STUDDS,True
STYL,True
STYLAMIND,True
STYRENIX,True
SUBROS,True
SUDARSCHEM,True
SUDEEPPHRM,True
SUKHJITS,True
SULA,True
SUMICHEM,True
SUNCLAY,True
SUNDRMFAST,True
SUNDROP,True
SUNFLAG,True
SUNTECK,True
SUNTV,True
SUPRAJIT,True
SUPREMEIND,True
SUPRIYA,True
SURAJEST,True
SURAKSHA,True
SURYAROSNI,True
SUVEN,True
SUYOG,True
SWANCORP,True
SWARAJENG,True
SWELECTES,True
SWIGGY,True
SWSOLAR,True
SYMPHONY,True
SYNGENE,True
SYRMA,True
TAINWALCHM,True
TAJGVK,True
TALBROAUTO,True
TANLA,True
TARC,True
TARIL,True
TARSONS,True
TATACHEM,True
TATACOMM,True
TATAELXSI,True
TATAPOWER,True
TATASTEEL,True
TATATECH,True
TATVA,True
TBZ,True
TCC,True
TCI,True
TCIEXP,True
TDPOWERSYS,True
TEAMLEASE,True
TECHM,True
TEGA,True
TENNIND,True
TERASOFT,True
TEXRAIL,True
TGVSL,True
THANGAMAYL,True
THELEELA,True
THEMISMED,True
THOMASCOOK,True
THYROCARE,True
TIL,True
TIMETECHNO,True
TIMEX,True
TIMKEN,True
TINNARUBR,True
TIPSFILMS,True
TIPSMUSIC,True
TIRUMALCHM,True
TITAGARH,True
TITAN,True
TMCV,True
TNPL,True
TOLINS,True
TORNTPOWER,True
TRANSPEK,True
TRANSRAILL,True
TRAVELFOOD,True
TREJHARA,True
TRENT,True
TRITURBINE,True
TRUALT,True
TTKHLTCARE,True
TTKPRESTIG,True
TVSELECT,True
TVSMOTOR,True
TVSSCS,True
UCAL,True
UDS,True
UFLEX,True
ULTRACEMCO,True
ULTRAMAR,True
UNICHEMLAB,True
UNIMECH,True
UNIPARTS,True
UNIVCABLES,True
UNOMINDA,True
UPL,True
URBANCO,True
USHAMART,True
UTIAMC,True
UTLSOLAR,True
UTTAMSUGAR,True
V2RETAIL,True
VADILALIND,True
VARROC,True
VBL,True
VEDL,True
VENKEYS,True
VENTIVE,True
VGUARD,True
VIDHIING,True
VIJAYA,True
VIMTALABS,True
VINATIORGA,True
VINCOFE,True
VINDHYATEL,True
VINYLINDIA,True
VISHNU,True
VIYASH,True
VMART,True
VOLTAMP,True
VOLTAS,True
VRAJ,True
VSSL,True
VSTIND,True
VTL,True
WAAREEENER,True
WAAREEINDO,True
WAAREERTL,True
WABAG,True
WAKEFIT,True
WALCHANNAG,True
WANBURY,True
WEL,True
WELCORP,True
WELENT,True
WELSPUNLIV,True
WESTLIFE,True
WEWORK,True
WHEELS,True
WHIRLPOOL,True
WINDMACHIN,True
WORTHPERI,True
WPIL,True
WSTCSTPAPR,True
XPROINDIA,True
YASHO,True
YATHARTH,True
ZAGGLE,True
ZENSARTECH,True
ZENTEC,True
ZFCVINDIA,True
ZOTA,True
ZUARIIND,True
ZYDUSLIFE,True
ZYDUSWELL,True
